ID,Recency,total_number_purchases,total_amount_spend,R,F,M,RFMgroup,RFMScore,RFM_Fidelity_Level
5524,58,22,1617,3,1,1,311,5,hibernating
2174,38,4,27,2,5,5,255,12,new customers
4141,26,20,776,2,2,2,222,6,at risk
6182,26,6,53,2,5,5,255,12,new customers
5324,94,14,422,5,3,3,533,11,promising
7446,16,20,716,1,2,2,122,5,hibernating
965,34,17,590,2,2,3,223,7,can\'t loose
6177,32,8,169,2,4,4,244,10,loyal customers
4855,19,5,46,1,5,5,155,11,promising
5899,68,1,49,4,5,5,455,14,potential loyalists
387,59,5,61,4,5,5,455,14,potential loyalists
2125,82,15,1102,5,3,2,532,10,loyal customers
8180,53,12,310,3,3,3,333,9,need attention
2569,38,4,46,2,5,5,255,12,new customers
2114,23,25,1315,1,1,1,111,3,hibernating
9736,51,6,96,3,5,4,354,12,new customers
4939,20,11,317,1,3,3,133,7,can\'t loose
6565,91,24,1782,5,1,1,511,7,can\'t loose
2278,86,6,133,5,5,4,554,14,potential loyalists
9360,41,11,316,3,3,3,333,9,need attention
5376,42,28,1730,3,1,1,311,5,hibernating
1993,63,14,972,4,3,2,432,9,need attention
4047,0,17,544,1,2,3,123,6,at risk
1409,69,13,444,4,3,3,433,10,loyal customers
7892,89,6,75,5,5,4,554,14,potential loyalists
2404,4,10,257,1,3,3,133,7,can\'t loose
9422,26,7,131,2,4,4,244,10,loyal customers
1966,96,25,1672,5,1,1,511,7,can\'t loose
6864,34,6,30,2,5,5,255,12,new customers
3033,56,10,318,3,3,3,333,9,need attention
5710,31,7,120,2,4,4,244,10,loyal customers
7373,8,11,302,1,3,3,133,7,can\'t loose
8755,4,17,1196,1,2,1,121,4,hibernating
10738,55,5,65,3,5,5,355,13,potential loyalists
4339,37,23,913,2,1,2,212,5,hibernating
10755,76,6,81,4,5,4,454,13,potential loyalists
8595,99,5,67,5,5,5,555,15,champions
2968,53,22,902,3,1,2,312,6,at risk
8601,3,19,1395,1,2,1,121,4,hibernating
503,88,5,53,5,5,5,555,15,champions
8430,4,3,22,1,5,5,155,11,promising
2139,19,5,31,1,5,5,155,11,promising
1371,72,15,984,4,3,2,432,9,need attention
9909,24,7,122,1,4,4,144,9,need attention
7286,92,4,55,5,5,5,555,15,champions
6566,39,19,1319,2,2,1,221,5,hibernating
8614,29,16,507,2,2,3,223,7,can\'t loose
4114,2,28,1693,1,1,1,111,3,hibernating
1331,54,5,72,3,5,4,354,12,new customers
2225,54,20,1617,3,2,1,321,6,at risk
9381,57,16,606,3,2,3,323,8,about to sleep
6260,55,26,1957,3,1,1,311,5,hibernating
10383,30,20,1093,2,2,2,222,6,at risk
7437,31,5,29,2,5,5,255,12,new customers
8375,63,16,518,4,2,3,423,9,need attention
6853,12,20,1438,1,2,1,121,4,hibernating
3076,18,18,612,1,2,3,123,6,at risk
1012,26,20,884,2,2,2,222,6,at risk
6518,8,18,606,1,2,3,123,6,at risk
4137,29,15,1076,2,3,2,232,7,can\'t loose
8082,75,4,34,4,5,5,455,14,potential loyalists
1386,0,3,11,1,5,5,155,11,promising
9369,19,31,1274,1,1,1,111,3,hibernating
4477,4,17,653,1,2,2,122,5,hibernating
1357,90,12,1562,5,3,1,531,9,need attention
1402,1,18,1253,1,2,1,121,4,hibernating
6312,29,26,863,2,1,2,212,5,hibernating
8132,88,19,661,5,2,2,522,9,need attention
1050,58,7,65,3,4,5,345,12,new customers
5846,68,3,13,4,5,5,455,14,potential loyalists
1859,34,18,1890,2,2,1,221,5,hibernating
7503,40,22,2209,3,1,1,311,5,hibernating
10401,12,3,18,1,5,5,155,11,promising
1618,9,19,692,1,2,2,122,5,hibernating
3332,87,8,165,5,4,4,544,13,potential loyalists
2261,5,3,16,1,5,5,155,11,promising
5346,87,6,79,5,5,4,554,14,potential loyalists
4119,56,10,318,3,3,3,333,9,need attention
535,18,26,778,1,1,2,112,4,hibernating
5268,95,5,56,5,5,5,555,15,champions
273,48,8,151,3,4,4,344,11,promising
4452,3,13,372,1,3,3,133,7,can\'t loose
8504,70,18,1366,4,2,1,421,7,can\'t loose
771,79,9,194,4,4,4,444,12,new customers
11178,69,4,32,4,5,5,455,14,potential loyalists
2230,84,7,43,5,4,5,545,14,potential loyalists
7516,30,5,45,2,5,5,255,12,new customers
7247,72,17,606,4,2,3,423,9,need attention
11100,37,5,63,2,5,5,255,12,new customers
4646,44,24,978,3,1,2,312,6,at risk
3037,32,14,410,2,3,3,233,8,about to sleep
1473,0,5,72,1,5,4,154,10,loyal customers
1016,43,5,55,3,5,5,355,13,potential loyalists
4518,59,25,1169,4,1,2,412,7,can\'t loose
9370,68,15,1120,4,3,2,432,9,need attention
8908,35,19,1097,2,2,2,222,6,at risk
8373,94,4,29,5,5,5,555,15,champions
7533,15,9,187,1,4,4,144,9,need attention
2683,56,22,910,3,1,2,312,6,at risk
3629,17,7,145,1,4,4,144,9,need attention
10991,18,13,850,1,3,2,132,6,at risk
5077,46,23,969,3,1,2,312,6,at risk
7431,40,16,1820,3,2,1,321,6,at risk
3267,27,17,608,2,2,3,223,7,can\'t loose
999,95,24,730,5,1,2,512,8,about to sleep
9215,19,16,551,1,2,3,123,6,at risk
2286,27,6,114,2,5,4,254,11,promising
1592,25,15,1724,2,3,1,231,6,at risk
367,74,15,577,4,3,3,433,10,loyal customers
5234,85,5,81,5,5,4,554,14,potential loyalists
9862,37,5,33,2,5,5,255,12,new customers
9805,65,18,660,4,2,2,422,8,about to sleep
6205,13,6,80,1,5,4,154,10,loyal customers
8442,63,4,30,4,5,5,455,14,potential loyalists
7386,83,4,43,5,5,5,555,15,champions
7215,69,27,1135,4,1,2,412,7,can\'t loose
1491,87,14,559,5,3,3,533,11,promising
11071,37,15,1923,2,3,1,231,6,at risk
3381,51,6,90,3,5,4,354,12,new customers
11051,72,19,661,4,2,2,422,8,about to sleep
8026,10,14,463,1,3,3,133,7,can\'t loose
433,42,18,632,3,2,3,323,8,about to sleep
9597,10,18,725,1,2,2,122,5,hibernating
5290,51,11,279,3,3,3,333,9,need attention
1685,21,22,1482,1,1,1,111,3,hibernating
5342,31,4,29,2,5,5,255,12,new customers
9579,61,6,106,4,5,4,454,13,potential loyalists
7660,37,4,49,2,5,5,255,12,new customers
1461,74,5,38,4,5,5,455,14,potential loyalists
821,46,21,2077,3,1,1,311,5,hibernating
11084,4,15,1053,1,3,2,132,6,at risk
8690,73,22,1385,4,1,1,411,6,at risk
2937,47,22,871,3,1,2,312,6,at risk
9701,13,9,312,1,4,3,143,8,about to sleep
9949,36,12,877,2,3,2,232,7,can\'t loose
10837,47,5,68,3,5,5,355,13,potential loyalists
3120,49,3,22,3,5,5,355,13,potential loyalists
5885,94,9,211,5,4,3,543,12,new customers
4050,65,7,127,4,4,4,444,12,new customers
3830,59,15,459,4,3,3,433,10,loyal customers
7987,96,15,460,5,3,3,533,11,promising
7798,28,13,429,2,3,3,233,8,about to sleep
92,12,7,89,1,4,4,144,9,need attention
7055,57,24,1021,3,1,2,312,6,at risk
10240,10,20,1381,1,2,1,121,4,hibernating
3025,4,12,306,1,3,3,133,7,can\'t loose
9283,49,3,18,3,5,5,355,13,potential loyalists
9970,3,8,162,1,4,4,144,9,need attention
2730,64,17,1231,4,2,1,421,7,can\'t loose
2795,0,3,13,1,5,5,155,11,promising
9260,20,25,1706,1,1,1,111,3,hibernating
8182,91,7,121,5,4,4,544,13,potential loyalists
10095,9,19,1293,1,2,1,121,4,hibernating
8475,98,22,1608,5,1,1,511,7,can\'t loose
4370,83,6,88,5,5,4,554,14,potential loyalists
10573,27,17,421,2,2,3,223,7,can\'t loose
3712,63,11,259,4,3,3,433,10,loyal customers
6637,46,14,1117,3,3,2,332,8,about to sleep
3152,84,6,89,5,5,4,554,14,potential loyalists
5610,58,4,36,3,5,5,355,13,potential loyalists
6460,78,5,57,4,5,5,455,14,potential loyalists
1349,4,7,148,1,4,4,144,9,need attention
1880,17,6,93,1,5,4,154,10,loyal customers
641,77,6,119,4,5,4,454,13,potential loyalists
8717,56,27,1835,3,1,1,311,5,hibernating
10314,79,24,1318,4,1,1,411,6,at risk
10854,90,5,45,5,5,5,555,15,champions
10492,96,3,10,5,5,5,555,15,champions
6935,44,24,978,3,1,2,312,6,at risk
7698,81,9,191,5,4,4,544,13,potential loyalists
3559,77,6,57,4,5,5,455,14,potential loyalists
10562,21,23,1033,1,1,2,112,4,hibernating
10796,16,5,66,1,5,5,155,11,promising
2563,80,5,43,5,5,5,555,15,champions
3518,45,4,50,3,5,5,355,13,potential loyalists
5823,63,5,39,4,5,5,455,14,potential loyalists
3934,34,16,608,2,2,3,223,7,can\'t loose
6982,14,23,1581,1,1,1,111,3,hibernating
6431,13,5,68,1,5,5,155,11,promising
9733,52,4,80,3,5,4,354,12,new customers
5602,98,27,1282,5,1,1,511,7,can\'t loose
7829,99,5,65,5,5,5,555,15,champions
1324,93,6,91,5,5,4,554,14,potential loyalists
326,38,12,315,2,3,3,233,8,about to sleep
7224,24,4,31,1,5,5,155,11,promising
6999,80,22,834,5,1,2,512,8,about to sleep
9938,82,16,1600,5,2,1,521,8,about to sleep
6422,20,16,1270,1,2,1,121,4,hibernating
3182,81,9,263,5,4,3,543,12,new customers
7300,50,16,535,3,2,3,323,8,about to sleep
10424,60,17,1295,4,2,1,421,7,can\'t loose
8727,63,26,1150,4,1,2,412,7,can\'t loose
2798,54,26,1240,3,1,1,311,5,hibernating
1030,72,4,38,4,5,5,455,14,potential loyalists
624,5,3,35,1,5,5,155,11,promising
5176,88,4,53,5,5,5,555,15,champions
5552,50,11,293,3,3,3,333,9,need attention
868,99,5,65,5,5,5,555,15,champions
380,17,24,1804,1,1,1,111,3,hibernating
2677,11,10,241,1,3,3,133,7,can\'t loose
6521,18,19,1101,1,2,2,122,5,hibernating
6927,70,11,264,4,3,3,433,10,loyal customers
2877,21,16,541,1,2,3,123,6,at risk
0,66,16,1198,4,2,1,421,7,can\'t loose
1584,79,14,482,4,3,3,433,10,loyal customers
7264,2,3,17,1,5,5,155,11,promising
6274,81,24,1615,5,1,1,511,7,can\'t loose
1377,24,10,285,1,3,3,133,7,can\'t loose
454,48,26,1135,3,1,2,312,6,at risk
1755,93,6,114,5,5,4,554,14,potential loyalists
2075,56,15,1047,3,3,2,332,8,about to sleep
4785,3,20,714,1,2,2,122,5,hibernating
9076,44,9,185,3,4,4,344,11,promising
7079,38,27,1245,2,1,1,211,4,hibernating
4653,46,8,189,3,4,4,344,11,promising
7375,84,14,576,5,3,3,533,11,promising
709,27,15,1103,2,3,2,232,7,can\'t loose
460,72,16,1753,4,2,1,421,7,can\'t loose
3726,66,3,17,4,5,5,455,14,potential loyalists
6798,30,14,433,2,3,3,233,8,about to sleep
5341,2,13,1588,1,3,1,131,5,hibernating
1606,65,3,22,4,5,5,455,14,potential loyalists
9617,37,4,19,2,5,5,255,12,new customers
3233,89,26,1117,5,1,2,512,8,about to sleep
89,49,6,69,3,5,5,355,13,potential loyalists
2936,46,4,23,3,5,5,355,13,potential loyalists
9449,32,18,605,2,2,3,223,7,can\'t loose
7297,54,7,57,3,4,5,345,12,new customers
11004,23,3,22,1,5,5,155,11,promising
313,98,21,2088,5,1,1,511,7,can\'t loose
9940,97,14,1009,5,3,2,532,10,loyal customers
10735,75,4,26,4,5,5,455,14,potential loyalists
9529,8,21,1627,1,1,1,111,3,hibernating
6439,37,24,1102,2,1,2,212,5,hibernating
7411,31,4,17,2,5,5,255,12,new customers
2176,40,14,1690,3,3,1,331,7,can\'t loose
9265,74,19,1390,4,2,1,421,7,can\'t loose
8867,90,19,2126,5,2,1,521,8,about to sleep
8932,57,21,1531,3,1,1,311,5,hibernating
10236,59,5,64,4,5,5,455,14,potential loyalists
6340,52,4,26,3,5,5,355,13,potential loyalists
10089,5,28,1112,1,1,2,112,4,hibernating
2227,92,9,210,5,4,3,543,12,new customers
10992,77,21,1148,4,1,2,412,7,can\'t loose
5304,35,4,33,2,5,5,255,12,new customers
309,48,16,1101,3,2,2,322,7,can\'t loose
3406,97,12,322,5,3,3,533,11,promising
2661,95,6,44,5,5,5,555,15,champions
3153,24,3,17,1,5,5,155,11,promising
10264,60,4,31,4,5,5,455,14,potential loyalists
1184,46,22,845,3,1,2,312,6,at risk
4200,85,11,275,5,3,3,533,11,promising
9396,31,3,25,2,5,5,255,12,new customers
2387,9,11,275,1,3,3,133,7,can\'t loose
6690,30,7,90,2,4,4,244,10,loyal customers
1225,47,18,1495,3,2,1,321,6,at risk
9703,70,7,184,4,4,4,444,12,new customers
291,13,12,981,1,3,2,132,6,at risk
4557,11,6,67,1,5,5,155,11,promising
2379,31,12,1635,2,3,1,231,6,at risk
5726,15,7,60,1,4,5,145,10,loyal customers
3066,2,10,231,1,3,3,133,7,can\'t loose
6336,55,6,48,3,5,5,355,13,potential loyalists
10967,38,6,99,2,5,4,254,11,promising
2304,86,21,770,5,1,2,512,8,about to sleep
3445,56,21,957,3,1,2,312,6,at risk
7828,29,11,818,2,3,2,232,7,can\'t loose
3762,30,16,925,2,2,2,222,6,at risk
4391,64,21,908,4,1,2,412,7,can\'t loose
4669,46,7,102,3,4,4,344,11,promising
10144,84,14,576,5,3,3,533,11,promising
8652,20,11,317,1,3,3,133,7,can\'t loose
1672,74,14,461,4,3,3,433,10,loyal customers
8962,18,5,37,1,5,5,155,11,promising
9974,75,6,70,4,5,4,454,13,potential loyalists
10983,17,22,930,1,1,2,112,4,hibernating
8148,88,20,859,5,2,2,522,9,need attention
10102,19,21,1478,1,1,1,111,3,hibernating
4697,62,13,390,4,3,3,433,10,loyal customers
9262,11,4,52,1,5,5,155,11,promising
7254,74,7,137,4,4,4,444,12,new customers
4543,32,18,1919,2,2,1,221,5,hibernating
4927,76,6,68,4,5,5,455,14,potential loyalists
10451,6,3,25,1,5,5,155,11,promising
2926,62,20,1374,4,2,1,421,7,can\'t loose
2874,20,4,32,1,5,5,155,11,promising
9738,43,6,100,3,5,4,354,12,new customers
7119,45,11,825,3,3,2,332,8,about to sleep
3924,34,23,916,2,1,2,212,5,hibernating
5827,53,7,62,3,4,5,345,12,new customers
5596,44,20,728,3,2,2,322,7,can\'t loose
10812,89,6,90,5,5,4,554,14,potential loyalists
1717,43,10,273,3,3,3,333,9,need attention
9491,68,7,66,4,4,5,445,13,potential loyalists
9274,44,22,1213,3,1,1,311,5,hibernating
6609,64,6,107,4,5,4,454,13,potential loyalists
6963,85,17,1157,5,2,2,522,9,need attention
4440,93,17,546,5,2,3,523,10,loyal customers
1379,12,10,241,1,3,3,133,7,can\'t loose
10032,86,7,53,5,4,5,545,14,potential loyalists
2826,28,5,37,2,5,5,255,12,new customers
6320,42,22,1508,3,1,1,311,5,hibernating
3050,13,10,235,1,3,3,133,7,can\'t loose
231,86,5,32,5,5,5,555,15,champions
2392,59,6,102,4,5,4,454,13,potential loyalists
9478,30,13,401,2,3,3,233,8,about to sleep
113,33,4,28,2,5,5,255,12,new customers
1802,23,18,680,1,2,2,122,5,hibernating
520,81,3,30,5,5,5,555,15,champions
8275,6,3,20,1,5,5,155,11,promising
9750,41,18,1307,3,2,1,321,6,at risk
2607,78,18,630,4,2,3,423,9,need attention
7214,49,17,1283,3,2,1,321,6,at risk
5835,39,6,65,2,5,5,255,12,new customers
3896,3,4,37,1,5,5,155,11,promising
10350,37,4,38,2,5,5,255,12,new customers
7786,22,8,160,1,4,4,144,9,need attention
2861,79,3,23,4,5,5,455,14,potential loyalists
663,46,5,71,3,5,4,354,12,new customers
10675,82,17,1161,5,2,2,522,9,need attention
2521,10,4,59,1,5,5,155,11,promising
9592,51,5,33,3,5,5,355,13,potential loyalists
10151,38,21,946,2,1,2,212,5,hibernating
7381,10,21,1442,1,1,1,111,3,hibernating
4099,14,4,62,1,5,5,155,11,promising
9560,18,21,1674,1,1,1,111,3,hibernating
1150,36,14,1853,2,3,1,231,6,at risk
10172,95,20,1538,5,2,1,521,8,about to sleep
11191,11,7,139,1,4,4,144,9,need attention
9707,65,17,1182,4,2,1,421,7,can\'t loose
6245,71,16,507,4,2,3,423,9,need attention
8234,13,3,18,1,5,5,155,11,promising
1411,58,15,940,3,3,2,332,8,about to sleep
8553,65,4,42,4,5,5,455,14,potential loyalists
1826,0,14,1190,1,3,1,131,5,hibernating
8842,33,5,44,2,5,5,255,12,new customers
11030,90,3,16,5,5,5,555,15,champions
2579,95,22,835,5,1,2,512,8,about to sleep
175,93,20,1443,5,2,1,521,8,about to sleep
9185,38,15,1029,2,3,2,232,7,can\'t loose
11056,18,17,1188,1,2,1,121,4,hibernating
9365,57,19,1277,3,2,1,321,6,at risk
6201,45,5,49,3,5,5,355,13,potential loyalists
2061,61,6,99,4,5,4,454,13,potential loyalists
6184,6,14,1670,1,3,1,131,5,hibernating
6142,65,13,900,4,3,2,432,9,need attention
4107,52,14,425,3,3,3,333,9,need attention
7274,87,21,2153,5,1,1,511,7,can\'t loose
9336,38,18,636,2,2,3,223,7,can\'t loose
2958,53,7,57,3,4,5,345,12,new customers
933,31,3,25,2,5,5,255,12,new customers
5837,67,15,494,4,3,3,433,10,loyal customers
10704,65,17,693,4,2,2,422,8,about to sleep
5125,64,25,1348,4,1,1,411,6,at risk
4432,82,5,51,5,5,5,555,15,champions
5955,27,15,1932,2,3,1,231,6,at risk
2928,63,14,990,4,3,2,432,9,need attention
5680,66,4,30,4,5,5,455,14,potential loyalists
10313,69,10,254,4,3,3,433,10,loyal customers
2557,52,4,29,3,5,5,355,13,potential loyalists
1245,45,19,1371,3,2,1,321,6,at risk
1519,2,6,73,1,5,4,154,10,loyal customers
10703,86,7,120,5,4,4,544,13,potential loyalists
1726,23,4,81,1,5,4,154,10,loyal customers
4459,13,4,37,1,5,5,155,11,promising
1729,14,18,1377,1,2,1,121,4,hibernating
1517,92,4,51,5,5,5,555,15,champions
2098,38,3,17,2,5,5,255,12,new customers
9543,74,3,22,4,5,5,455,14,potential loyalists
6878,14,11,324,1,3,3,133,7,can\'t loose
3310,94,9,211,5,4,3,543,12,new customers
2724,33,3,19,2,5,5,255,12,new customers
948,32,5,41,2,5,5,255,12,new customers
6720,11,14,492,1,3,3,133,7,can\'t loose
6202,78,22,1005,4,1,2,412,7,can\'t loose
2066,56,6,114,3,5,4,354,12,new customers
9799,57,16,1173,3,2,2,322,7,can\'t loose
8318,7,19,1738,1,2,1,121,4,hibernating
5642,0,10,222,1,3,3,133,7,can\'t loose
2669,66,15,1127,4,3,2,432,9,need attention
455,86,9,209,5,4,3,543,12,new customers
7683,80,20,787,5,2,2,522,9,need attention
3428,56,23,1598,3,1,1,311,5,hibernating
7414,18,8,186,1,4,4,144,9,need attention
6354,51,4,47,3,5,5,355,13,potential loyalists
798,71,4,27,4,5,5,455,14,potential loyalists
8213,71,7,96,4,4,4,444,12,new customers
2488,80,6,64,5,5,5,555,15,champions
9999,2,22,1040,1,1,2,112,4,hibernating
7617,83,8,163,5,4,4,544,13,potential loyalists
615,29,10,343,2,3,3,233,8,about to sleep
2552,11,15,446,1,3,3,133,7,can\'t loose
194,55,4,41,3,5,5,355,13,potential loyalists
3645,19,6,70,1,5,4,154,10,loyal customers
8890,1,11,272,1,3,3,133,7,can\'t loose
5049,19,5,46,1,5,5,155,11,promising
9973,28,16,490,2,2,3,223,7,can\'t loose
7301,76,6,79,4,5,4,454,13,potential loyalists
10882,50,13,915,3,3,2,332,8,about to sleep
7030,1,32,1485,1,1,1,111,3,hibernating
7422,90,13,369,5,3,3,533,11,promising
3523,83,17,1073,5,2,2,522,9,need attention
7106,73,18,1242,4,2,1,421,7,can\'t loose
6504,24,6,78,1,5,4,154,10,loyal customers
5067,11,20,1378,1,2,1,121,4,hibernating
4216,33,25,1474,2,1,1,211,4,hibernating
8581,4,20,751,1,2,2,122,5,hibernating
5929,14,5,48,1,5,5,155,11,promising
3129,30,5,45,2,5,5,255,12,new customers
6528,75,3,10,4,5,5,455,14,potential loyalists
1361,26,15,1435,2,3,1,231,6,at risk
6932,77,22,2119,4,1,1,411,6,at risk
7284,8,3,20,1,5,5,155,11,promising
1340,42,26,1795,3,1,1,311,5,hibernating
8746,28,17,1188,2,2,1,221,5,hibernating
5987,52,5,43,3,5,5,355,13,potential loyalists
3767,1,22,1008,1,1,2,112,4,hibernating
3725,1,15,1688,1,3,1,131,5,hibernating
4324,42,16,684,3,2,2,322,7,can\'t loose
238,76,24,1082,4,1,2,412,7,can\'t loose
6694,27,24,1068,2,1,2,212,5,hibernating
498,28,5,57,2,5,5,255,12,new customers
9347,49,4,46,3,5,5,355,13,potential loyalists
9699,12,20,733,1,2,2,122,5,hibernating
10664,14,15,467,1,3,3,133,7,can\'t loose
5455,89,7,122,5,4,4,544,13,potential loyalists
456,96,5,36,5,5,5,555,15,champions
5012,56,4,34,3,5,5,355,13,potential loyalists
7495,72,8,156,4,4,4,444,12,new customers
5029,14,3,14,1,5,5,155,11,promising
10642,13,4,37,1,5,5,155,11,promising
2106,99,4,34,5,5,5,555,15,champions
10364,72,3,20,4,5,5,455,14,potential loyalists
5954,92,9,192,5,4,4,544,13,potential loyalists
1137,87,16,1379,5,2,1,521,8,about to sleep
2541,7,5,48,1,5,5,155,11,promising
1142,91,14,428,5,3,3,533,11,promising
2276,71,22,868,4,1,2,412,7,can\'t loose
2807,24,24,1001,1,1,2,112,4,hibernating
6471,17,6,59,1,5,5,155,11,promising
6131,87,14,431,5,3,3,533,11,promising
6233,21,24,971,1,1,2,112,4,hibernating
4148,90,12,348,5,3,3,533,11,promising
4947,44,23,2059,3,1,1,311,5,hibernating
3225,71,10,265,4,3,3,433,10,loyal customers
7540,52,11,270,3,3,3,333,9,need attention
10648,78,18,1289,4,2,1,421,7,can\'t loose
1992,2,12,893,1,3,2,132,6,at risk
7851,60,21,926,4,1,2,412,7,can\'t loose
8594,25,7,135,2,4,4,244,10,loyal customers
7059,47,18,1495,3,2,1,321,6,at risk
2815,46,7,120,3,4,4,344,11,promising
2416,83,19,1288,5,2,1,521,8,about to sleep
7999,17,16,1743,1,2,1,121,4,hibernating
9213,13,3,15,1,5,5,155,11,promising
9697,86,17,542,5,2,3,523,10,loyal customers
3916,92,22,890,5,1,2,512,8,about to sleep
2021,47,29,1388,3,1,1,311,5,hibernating
1581,18,3,17,1,5,5,155,11,promising
564,81,23,906,5,1,2,512,8,about to sleep
6619,91,4,44,5,5,5,555,15,champions
9081,58,4,25,3,5,5,355,13,potential loyalists
178,40,22,973,3,1,2,312,6,at risk
916,67,4,31,4,5,5,455,14,potential loyalists
5512,19,16,518,1,2,3,123,6,at risk
8970,93,15,530,5,3,3,533,11,promising
10581,41,14,506,3,3,3,333,9,need attention
5300,60,5,70,4,5,4,454,13,potential loyalists
5154,54,5,54,3,5,5,355,13,potential loyalists
8346,26,10,296,2,3,3,233,8,about to sleep
1676,30,11,266,2,3,3,233,8,about to sleep
9286,93,18,747,5,2,2,522,9,need attention
2426,35,28,895,2,1,2,212,5,hibernating
5172,4,15,1053,1,3,2,132,6,at risk
5562,92,19,735,5,2,2,522,9,need attention
3436,24,4,20,1,5,5,155,11,promising
3921,96,9,205,5,4,3,543,12,new customers
3403,11,19,2092,1,2,1,121,4,hibernating
22,99,12,309,5,3,3,533,11,promising
10965,72,21,1722,4,1,1,411,6,at risk
9426,77,11,900,4,3,2,432,9,need attention
6605,85,19,682,5,2,2,522,9,need attention
3136,88,19,663,5,2,2,522,9,need attention
8737,22,5,43,1,5,5,155,11,promising
11088,83,17,1816,5,2,1,521,8,about to sleep
716,63,24,976,4,1,2,412,7,can\'t loose
466,9,20,746,1,2,2,122,5,hibernating
9135,92,4,64,5,5,5,555,15,champions
10623,2,4,32,1,5,5,155,11,promising
8151,6,8,263,1,4,3,143,8,about to sleep
5140,66,19,1445,4,2,1,421,7,can\'t loose
10160,49,4,46,3,5,5,355,13,potential loyalists
4945,29,26,1210,2,1,1,211,4,hibernating
10584,77,23,945,4,1,2,412,7,can\'t loose
6071,77,21,1157,4,1,2,412,7,can\'t loose
3386,71,7,137,4,4,4,444,12,new customers
8939,49,19,730,3,2,2,322,7,can\'t loose
9925,97,9,216,5,4,3,543,12,new customers
4320,6,22,943,1,1,2,112,4,hibernating
5389,93,13,347,5,3,3,533,11,promising
6036,78,18,1924,4,2,1,421,7,can\'t loose
182,62,13,397,4,3,3,433,10,loyal customers
203,47,21,2089,3,1,1,311,5,hibernating
11025,9,7,138,1,4,4,144,9,need attention
10203,77,4,42,4,5,5,455,14,potential loyalists
4607,24,16,777,1,2,2,122,5,hibernating
3711,19,19,1902,1,2,1,121,4,hibernating
3696,67,5,52,4,5,5,455,14,potential loyalists
2532,95,12,1651,5,3,1,531,9,need attention
9214,48,12,358,3,3,3,333,9,need attention
4943,73,15,1727,4,3,1,431,8,about to sleep
35,35,7,210,2,4,3,243,9,need attention
2258,76,4,42,4,5,5,455,14,potential loyalists
4322,20,19,1291,1,2,1,121,4,hibernating
713,72,14,442,4,3,3,433,10,loyal customers
4702,20,16,1895,1,2,1,121,4,hibernating
3281,69,13,411,4,3,3,433,10,loyal customers
702,80,15,521,5,3,3,533,11,promising
2004,65,16,1168,4,2,2,422,8,about to sleep
4769,52,16,493,3,2,3,323,8,about to sleep
4437,65,10,260,4,3,3,433,10,loyal customers
8724,57,5,46,3,5,5,355,13,potential loyalists
10741,70,12,319,4,3,3,433,10,loyal customers
1991,0,6,96,1,5,4,154,10,loyal customers
6931,19,15,1062,1,3,2,132,6,at risk
11096,50,10,232,3,3,3,333,9,need attention
304,67,6,76,4,5,4,454,13,potential loyalists
3665,46,6,54,3,5,5,355,13,potential loyalists
10591,37,9,201,2,4,3,243,9,need attention
5036,38,12,406,2,3,3,233,8,about to sleep
5547,9,19,1919,1,2,1,121,4,hibernating
7822,56,18,662,3,2,2,322,7,can\'t loose
8541,98,6,41,5,5,5,555,15,champions
10955,68,13,1600,4,3,1,431,8,about to sleep
4368,72,7,134,4,4,4,444,12,new customers
9671,47,6,69,3,5,5,355,13,potential loyalists
2256,33,4,21,2,5,5,255,12,new customers
4279,87,5,54,5,5,5,555,15,champions
5371,0,6,91,1,5,4,154,10,loyal customers
9240,73,16,526,4,2,3,423,9,need attention
9460,74,7,162,4,4,4,444,12,new customers
9504,4,24,1008,1,1,2,112,4,hibernating
8692,50,10,240,3,3,3,333,9,need attention
448,57,19,795,3,2,2,322,7,can\'t loose
8314,30,18,1772,2,2,1,221,5,hibernating
8420,27,6,64,2,5,5,255,12,new customers
3174,61,19,1957,4,2,1,421,7,can\'t loose
7685,4,6,78,1,5,4,154,10,loyal customers
3179,75,19,1572,4,2,1,421,7,can\'t loose
9780,12,24,795,1,1,2,112,4,hibernating
10681,13,21,889,1,1,2,112,4,hibernating
10232,9,12,331,1,3,3,133,7,can\'t loose
4184,48,10,265,3,3,3,333,9,need attention
9120,80,15,1065,5,3,2,532,10,loyal customers
891,60,3,11,4,5,5,455,14,potential loyalists
10381,43,3,21,3,5,5,355,13,potential loyalists
3525,19,3,17,1,5,5,155,11,promising
6818,26,11,369,2,3,3,233,8,about to sleep
3526,58,4,38,3,5,5,355,13,potential loyalists
8181,42,8,177,3,4,4,344,11,promising
1029,27,11,279,2,3,3,233,8,about to sleep
7369,56,5,62,3,5,5,355,13,potential loyalists
2574,27,18,1230,2,2,1,221,5,hibernating
8159,10,8,182,1,4,4,144,9,need attention
1160,48,6,49,3,5,5,355,13,potential loyalists
10242,39,6,75,2,5,4,254,11,promising
5253,85,10,227,5,3,3,533,11,promising
5966,64,10,215,4,3,3,433,10,loyal customers
5314,69,13,444,4,3,3,433,10,loyal customers
5081,54,4,47,3,5,5,355,13,potential loyalists
5123,57,6,143,3,5,4,354,12,new customers
5756,64,5,55,4,5,5,455,14,potential loyalists
8036,10,7,63,1,4,5,145,10,loyal customers
9058,65,21,1867,4,1,1,411,6,at risk
5057,74,18,611,4,2,3,423,9,need attention
254,4,15,473,1,3,3,133,7,can\'t loose
4179,94,5,55,5,5,5,555,15,champions
3710,41,5,81,3,5,4,354,12,new customers
7627,25,21,2086,2,1,1,211,4,hibernating
4501,94,19,1478,5,2,1,521,8,about to sleep
6424,9,4,49,1,5,5,155,11,promising
3075,47,14,382,3,3,3,333,9,need attention
4992,12,6,69,1,5,5,155,11,promising
5252,80,5,67,5,5,5,555,15,champions
7444,20,4,30,1,5,5,155,11,promising
6919,39,6,63,2,5,5,255,12,new customers
3537,57,7,79,3,4,4,344,11,promising
10277,27,4,42,2,5,5,255,12,new customers
2453,83,20,819,5,2,2,522,9,need attention
7972,79,16,1151,4,2,2,422,8,about to sleep
895,69,17,594,4,2,3,423,9,need attention
1177,77,7,129,4,4,4,444,12,new customers
7141,15,8,213,1,4,3,143,8,about to sleep
7232,99,5,67,5,5,5,555,15,champions
8477,61,4,28,4,5,5,455,14,potential loyalists
2457,23,4,45,1,5,5,155,11,promising
988,84,17,1193,5,2,1,521,8,about to sleep
7930,74,10,268,4,3,3,433,10,loyal customers
4587,90,11,266,5,3,3,533,11,promising
6682,41,4,37,3,5,5,355,13,potential loyalists
6222,28,5,37,2,5,5,255,12,new customers
10299,73,22,882,4,1,2,412,7,can\'t loose
3083,88,13,373,5,3,3,533,11,promising
8953,94,4,35,5,5,5,555,15,champions
1503,31,1,107,2,5,4,254,11,promising
8650,31,4,42,2,5,5,255,12,new customers
10862,6,12,326,1,3,3,133,7,can\'t loose
2782,23,14,404,1,3,3,133,7,can\'t loose
6941,92,5,95,5,5,4,554,14,potential loyalists
10972,52,13,939,3,3,2,332,8,about to sleep
10708,50,4,33,3,5,5,355,13,potential loyalists
6583,54,20,981,3,2,2,322,7,can\'t loose
3641,93,5,36,5,5,5,555,15,champions
10156,56,19,1237,3,2,1,321,6,at risk
4299,28,27,1825,2,1,1,211,4,hibernating
3469,94,6,103,5,5,4,554,14,potential loyalists
5063,76,9,191,4,4,4,444,12,new customers
10727,43,23,1586,3,1,1,311,5,hibernating
9624,46,13,963,3,3,2,332,8,about to sleep
5156,13,21,889,1,1,2,112,4,hibernating
4376,27,6,93,2,5,4,254,11,promising
8923,12,20,1587,1,2,1,121,4,hibernating
8461,3,3,16,1,5,5,155,11,promising
6945,72,31,1375,4,1,1,411,6,at risk
944,6,13,393,1,3,3,133,7,can\'t loose
1907,53,21,1477,3,1,1,311,5,hibernating
701,58,16,1179,3,2,1,321,6,at risk
3856,78,22,1005,4,1,2,412,7,can\'t loose
4149,57,20,1348,3,2,1,321,6,at risk
2131,37,19,1307,2,2,1,221,5,hibernating
2942,20,13,486,1,3,3,133,7,can\'t loose
1173,73,12,2252,4,3,1,431,8,about to sleep
4381,56,10,235,3,3,3,333,9,need attention
4611,36,30,1724,2,1,1,211,4,hibernating
3376,9,10,235,1,3,3,133,7,can\'t loose
4679,42,25,1092,3,1,2,312,6,at risk
10928,28,15,599,2,3,3,233,8,about to sleep
4248,23,19,2008,1,2,1,121,4,hibernating
6728,38,4,48,2,5,5,255,12,new customers
6661,63,27,1174,4,1,2,412,7,can\'t loose
4725,71,6,67,4,5,5,455,14,potential loyalists
3277,9,13,365,1,3,3,133,7,can\'t loose
5555,81,0,6,5,5,5,555,15,champions
2564,87,8,165,5,4,4,544,13,potential loyalists
946,92,9,210,5,4,3,543,12,new customers
3867,36,25,1095,2,1,2,212,5,hibernating
6940,86,8,223,5,4,3,543,12,new customers
55,83,18,597,5,2,3,523,10,loyal customers
7093,74,3,22,4,5,5,455,14,potential loyalists
5084,87,23,1064,5,1,2,512,8,about to sleep
1777,29,5,74,2,5,4,254,11,promising
8162,88,4,26,5,5,5,555,15,champions
10826,77,4,60,4,5,5,455,14,potential loyalists
8754,25,3,20,2,5,5,255,12,new customers
1987,34,5,59,2,5,5,255,12,new customers
11007,43,4,34,3,5,5,355,13,potential loyalists
7426,76,9,198,4,4,3,443,11,promising
9153,81,25,1048,5,1,2,512,8,about to sleep
10379,87,16,574,5,2,3,523,10,loyal customers
9204,33,13,1029,2,3,2,232,7,can\'t loose
3197,38,18,670,2,2,2,222,6,at risk
2920,63,14,990,4,3,2,432,9,need attention
6961,26,3,11,2,5,5,255,12,new customers
4673,17,18,1241,1,2,1,121,4,hibernating
9937,75,16,576,4,2,3,423,9,need attention
8779,13,8,172,1,4,4,144,9,need attention
9596,19,19,664,1,2,2,122,5,hibernating
2891,51,21,928,3,1,2,312,6,at risk
4910,81,29,2074,5,1,1,511,7,can\'t loose
75,32,14,467,2,3,3,233,8,about to sleep
10120,84,10,257,5,3,3,533,11,promising
6327,87,16,1146,5,2,2,522,9,need attention
10142,99,18,689,5,2,2,522,9,need attention
9826,96,21,2114,5,1,1,511,7,can\'t loose
1501,21,29,1717,1,1,1,111,3,hibernating
10767,40,20,1346,3,2,1,321,6,at risk
7279,3,14,1044,1,3,2,132,6,at risk
7230,98,16,493,5,2,3,523,10,loyal customers
143,73,12,957,4,3,2,432,9,need attention
450,90,9,270,5,4,3,543,12,new customers
9316,29,4,29,2,5,5,255,12,new customers
6379,3,6,121,1,5,4,154,10,loyal customers
9239,94,7,126,5,4,4,544,13,potential loyalists
8315,65,3,23,4,5,5,455,14,potential loyalists
2868,33,5,57,2,5,5,255,12,new customers
10888,46,18,636,3,2,3,323,8,about to sleep
1277,29,27,1004,2,1,2,212,5,hibernating
9977,99,17,734,5,2,2,522,9,need attention
10196,26,18,614,2,2,3,223,7,can\'t loose
6384,30,18,1453,2,2,1,221,5,hibernating
8029,27,14,1621,2,3,1,231,6,at risk
968,24,9,187,1,4,4,144,9,need attention
6988,93,20,1443,5,2,1,521,8,about to sleep
4472,34,5,57,2,5,5,255,12,new customers
6991,88,18,637,5,2,2,522,9,need attention
3336,96,11,948,5,3,2,532,10,loyal customers
4301,10,4,59,1,5,5,155,11,promising
1940,26,3,18,2,5,5,255,12,new customers
1272,49,22,903,3,1,2,312,6,at risk
1388,11,6,112,1,5,4,154,10,loyal customers
1044,44,17,596,3,2,3,323,8,about to sleep
6969,75,10,233,4,3,3,433,10,loyal customers
10479,64,10,1511,4,3,1,431,8,about to sleep
3619,19,16,1152,1,2,2,122,5,hibernating
1715,45,5,48,3,5,5,355,13,potential loyalists
10159,77,25,1185,4,1,1,411,6,at risk
1463,9,3,21,1,5,5,155,11,promising
5114,1,14,965,1,3,2,132,6,at risk
4990,90,20,869,5,2,2,522,9,need attention
4329,43,4,16,3,5,5,355,13,potential loyalists
10936,79,15,1947,4,3,1,431,8,about to sleep
4692,19,7,71,1,4,4,144,9,need attention
7212,99,5,65,5,5,5,555,15,champions
6086,62,23,1380,4,1,1,411,6,at risk
437,41,22,1027,3,1,2,312,6,at risk
11171,60,14,411,4,3,3,433,10,loyal customers
11101,17,25,836,1,1,2,112,4,hibernating
5329,24,3,11,1,5,5,155,11,promising
610,60,15,480,4,3,3,433,10,loyal customers
9384,57,16,606,3,2,3,323,8,about to sleep
5956,74,11,284,4,3,3,433,10,loyal customers
10430,22,11,1472,1,3,1,131,5,hibernating
7875,46,25,1677,3,1,1,311,5,hibernating
7072,69,17,1335,4,2,1,421,7,can\'t loose
6255,29,12,334,2,3,3,233,8,about to sleep
6516,37,3,18,2,5,5,255,12,new customers
5564,26,18,1338,2,2,1,221,5,hibernating
5682,8,26,1099,1,1,2,112,4,hibernating
7458,26,6,97,2,5,4,254,11,promising
5237,79,6,63,4,5,5,455,14,potential loyalists
7761,71,7,109,4,4,4,444,12,new customers
5278,83,20,902,5,2,2,522,9,need attention
3560,57,19,1574,3,2,1,321,6,at risk
7235,37,6,38,2,5,5,255,12,new customers
10548,30,23,960,2,1,2,212,5,hibernating
2281,34,3,28,2,5,5,255,12,new customers
4073,0,27,1215,1,1,1,111,3,hibernating
6974,89,21,1497,5,1,1,511,7,can\'t loose
7938,92,15,449,5,3,3,533,11,promising
7094,87,23,1064,5,1,2,512,8,about to sleep
3667,20,24,1757,1,1,1,111,3,hibernating
7723,56,20,1440,3,2,1,321,6,at risk
3870,28,23,1006,2,1,2,212,5,hibernating
4012,55,18,1226,3,2,1,321,6,at risk
5909,25,15,1171,2,3,2,232,7,can\'t loose
10470,0,6,92,1,5,4,154,10,loyal customers
6488,86,7,99,5,4,4,544,13,potential loyalists
10270,8,6,66,1,5,5,155,11,promising
6887,33,17,564,2,2,3,223,7,can\'t loose
6406,13,20,1427,1,2,1,121,4,hibernating
7573,12,5,86,1,5,4,154,10,loyal customers
4508,92,18,833,5,2,2,522,9,need attention
221,90,9,242,5,4,3,543,12,new customers
5331,8,16,1869,1,2,1,121,4,hibernating
1911,6,28,1364,1,1,1,111,3,hibernating
20,91,7,183,5,4,4,544,13,potential loyalists
8786,52,14,450,3,3,3,333,9,need attention
10582,3,19,758,1,2,2,122,5,hibernating
1915,57,19,1507,3,2,1,321,6,at risk
8897,9,17,654,1,2,2,122,5,hibernating
2371,22,6,81,1,5,4,154,10,loyal customers
4303,76,1,137,4,5,4,454,13,potential loyalists
6825,86,3,16,5,5,5,555,15,champions
1072,64,6,93,4,5,4,454,13,potential loyalists
4964,90,17,1158,5,2,2,522,9,need attention
2461,79,4,43,4,5,5,455,14,potential loyalists
10736,28,20,1525,2,2,1,221,5,hibernating
3194,86,18,1230,5,2,1,521,8,about to sleep
10839,42,4,29,3,5,5,355,13,potential loyalists
49,39,4,25,2,5,5,255,12,new customers
4290,8,3,24,1,5,5,155,11,promising
10219,40,4,38,3,5,5,355,13,potential loyalists
4211,5,5,57,1,5,5,155,11,promising
1135,96,7,47,5,4,5,545,14,potential loyalists
6299,28,18,813,2,2,2,222,6,at risk
10846,22,16,629,1,2,3,123,6,at risk
347,30,13,377,2,3,3,233,8,about to sleep
6543,45,13,1612,3,3,1,331,7,can\'t loose
10446,58,16,729,3,2,2,322,7,can\'t loose
3479,49,5,50,3,5,5,355,13,potential loyalists
11075,37,11,270,2,3,3,233,8,about to sleep
4442,70,7,177,4,4,4,444,12,new customers
199,33,12,315,2,3,3,233,8,about to sleep
6722,98,20,767,5,2,2,522,9,need attention
796,17,23,1071,1,1,2,112,4,hibernating
3749,54,23,1580,3,1,1,311,5,hibernating
8523,39,7,60,2,4,5,245,11,promising
310,81,17,573,5,2,3,523,10,loyal customers
8629,71,4,41,4,5,5,455,14,potential loyalists
236,62,7,170,4,4,4,444,12,new customers
9930,8,27,1167,1,1,2,112,4,hibernating
3483,76,22,1526,4,1,1,411,6,at risk
4599,66,15,458,4,3,3,433,10,loyal customers
7326,83,5,63,5,5,5,555,15,champions
7352,28,13,405,2,3,3,233,8,about to sleep
2350,87,13,1027,5,3,2,532,10,loyal customers
9145,43,20,1478,3,2,1,321,6,at risk
2964,0,4,72,1,5,4,154,10,loyal customers
5585,1,5,48,1,5,5,155,11,promising
9687,1,15,726,1,3,2,132,6,at risk
3732,72,21,860,4,1,2,412,7,can\'t loose
6303,72,22,1497,4,1,1,411,6,at risk
11176,12,16,495,1,2,3,123,6,at risk
2986,89,3,20,5,5,5,555,15,champions
7462,67,16,570,4,2,3,423,9,need attention
3900,54,20,769,3,2,2,322,7,can\'t loose
7034,34,5,55,2,5,5,255,12,new customers
9493,15,17,1808,1,2,1,121,4,hibernating
1143,43,5,55,3,5,5,355,13,potential loyalists
1,0,17,577,1,2,3,123,6,at risk
3855,74,7,162,4,4,4,444,12,new customers
5536,61,19,1957,4,2,1,421,7,can\'t loose
5989,51,23,1576,3,1,1,311,5,hibernating
9499,97,14,1616,5,3,1,531,9,need attention
6768,75,4,36,4,5,5,455,14,potential loyalists
2150,83,21,1482,5,1,1,511,7,can\'t loose
6646,23,4,22,1,5,5,155,11,promising
4887,65,5,63,4,5,5,455,14,potential loyalists
8560,94,17,680,5,2,2,522,9,need attention
3321,42,17,542,3,2,3,323,8,about to sleep
11003,10,5,50,1,5,5,155,11,promising
10402,94,4,39,5,5,5,555,15,champions
9904,50,23,1043,3,1,2,312,6,at risk
6141,46,12,385,3,3,3,333,9,need attention
5687,98,26,1633,5,1,1,511,7,can\'t loose
10856,42,4,46,3,5,5,355,13,potential loyalists
5121,30,18,761,2,2,2,222,6,at risk
4186,11,6,76,1,5,4,154,10,loyal customers
368,61,11,290,4,3,3,433,10,loyal customers
3312,12,7,89,1,4,4,144,9,need attention
11121,76,7,70,4,4,4,444,12,new customers
5332,2,16,1066,1,2,2,122,5,hibernating
5848,43,18,2009,3,2,1,321,6,at risk
10343,27,17,1345,2,2,1,221,5,hibernating
5935,60,20,764,4,2,2,422,8,about to sleep
2895,79,9,195,4,4,4,444,12,new customers
10262,96,7,53,5,4,5,545,14,potential loyalists
7848,17,11,368,1,3,3,133,7,can\'t loose
9477,0,17,544,1,2,3,123,6,at risk
4856,38,24,1853,2,1,1,211,4,hibernating
7186,43,4,35,3,5,5,355,13,potential loyalists
5794,1,15,446,1,3,3,133,7,can\'t loose
1456,25,24,1180,2,1,1,211,4,hibernating
4877,2,4,41,1,5,5,155,11,promising
425,66,19,727,4,2,2,422,8,about to sleep
3007,49,4,40,3,5,5,355,13,potential loyalists
1031,5,25,1062,1,1,2,112,4,hibernating
4297,71,5,40,4,5,5,455,14,potential loyalists
807,35,11,292,2,3,3,233,8,about to sleep
9553,94,3,15,5,5,5,555,15,champions
4271,80,11,341,5,3,3,533,11,promising
4120,61,11,369,4,3,3,433,10,loyal customers
2036,29,14,401,2,3,3,233,8,about to sleep
115,0,14,393,1,3,3,133,7,can\'t loose
4259,80,3,10,5,5,5,555,15,champions
8687,54,13,486,3,3,3,333,9,need attention
2447,71,5,69,4,5,5,455,14,potential loyalists
10140,27,16,1727,2,2,1,221,5,hibernating
9353,61,14,995,4,3,2,432,9,need attention
3623,55,7,45,3,4,5,345,12,new customers
738,35,8,182,2,4,4,244,10,loyal customers
7631,34,22,989,2,1,2,212,5,hibernating
4789,95,17,1677,5,2,1,521,8,about to sleep
773,64,16,595,4,2,3,423,9,need attention
10602,30,7,156,2,4,4,244,10,loyal customers
1446,12,27,1226,1,1,1,111,3,hibernating
3270,96,7,128,5,4,4,544,13,potential loyalists
8443,16,6,86,1,5,4,154,10,loyal customers
9653,16,5,68,1,5,5,155,11,promising
8916,78,3,16,4,5,5,455,14,potential loyalists
8017,83,5,55,5,5,5,555,15,champions
5830,96,21,2114,5,1,1,511,7,can\'t loose
4597,67,18,2018,4,2,1,421,7,can\'t loose
7023,87,11,263,5,3,3,533,11,promising
8086,34,5,55,2,5,5,255,12,new customers
8825,46,16,564,3,2,3,323,8,about to sleep
2930,7,18,1281,1,2,1,121,4,hibernating
1928,73,5,83,4,5,4,454,13,potential loyalists
7108,54,12,353,3,3,3,333,9,need attention
10925,93,24,1003,5,1,2,512,8,about to sleep
9960,52,3,14,3,5,5,355,13,potential loyalists
8800,53,22,902,3,1,2,312,6,at risk
9224,81,23,1139,5,1,2,512,8,about to sleep
5519,8,19,797,1,2,2,122,5,hibernating
5046,97,23,1638,5,1,1,511,7,can\'t loose
7037,50,14,401,3,3,3,333,9,need attention
905,38,7,84,2,4,4,244,10,loyal customers
8624,61,17,928,4,2,2,422,8,about to sleep
8945,46,9,203,3,4,3,343,10,loyal customers
6445,73,15,858,4,3,2,432,9,need attention
2727,19,12,409,1,3,3,133,7,can\'t loose
6404,10,11,282,1,3,3,133,7,can\'t loose
11074,94,17,1423,5,2,1,521,8,about to sleep
10150,10,18,1449,1,2,1,121,4,hibernating
1968,37,3,28,2,5,5,255,12,new customers
6534,94,5,67,5,5,5,555,15,champions
9485,23,9,199,1,4,3,143,8,about to sleep
7053,75,21,1453,4,1,1,411,6,at risk
4654,40,18,1253,3,2,1,321,6,at risk
9760,24,25,1198,1,1,1,111,3,hibernating
1048,11,8,178,1,4,4,144,9,need attention
10619,29,17,1990,2,2,1,221,5,hibernating
9308,51,13,976,3,3,2,332,8,about to sleep
10505,86,14,1001,5,3,2,532,10,loyal customers
8362,9,19,1919,1,2,1,121,4,hibernating
2625,30,12,350,2,3,3,233,8,about to sleep
4637,73,24,1650,4,1,1,411,6,at risk
9972,25,4,46,2,5,5,255,12,new customers
4483,67,18,1228,4,2,1,421,7,can\'t loose
4487,67,6,95,4,5,4,454,13,potential loyalists
4988,58,6,62,3,5,5,355,13,potential loyalists
8931,82,25,1761,5,1,1,511,7,can\'t loose
5871,98,13,467,5,3,3,533,11,promising
2008,93,18,1149,5,2,2,522,9,need attention
3139,53,18,2052,3,2,1,321,6,at risk
10037,66,15,1127,4,3,2,432,9,need attention
10673,6,20,1416,1,2,1,121,4,hibernating
5303,42,19,1113,3,2,2,322,7,can\'t loose
538,78,6,125,4,5,4,454,13,potential loyalists
7922,29,23,966,2,1,2,212,5,hibernating
5692,82,4,32,5,5,5,555,15,champions
4843,92,18,833,5,2,2,522,9,need attention
6383,78,6,46,4,5,5,455,14,potential loyalists
1628,54,16,960,3,2,2,322,7,can\'t loose
1204,45,27,1829,3,1,1,311,5,hibernating
3673,59,23,779,4,1,2,412,7,can\'t loose
760,8,21,811,1,1,2,112,4,hibernating
8957,51,14,1120,3,3,2,332,8,about to sleep
4128,51,18,725,3,2,2,322,7,can\'t loose
6810,76,11,1187,4,3,1,431,8,about to sleep
5386,62,18,2302,4,2,1,421,7,can\'t loose
8700,86,6,66,5,5,5,555,15,champions
3202,60,18,1250,4,2,1,421,7,can\'t loose
1328,56,17,683,3,2,2,322,7,can\'t loose
8405,83,11,305,5,3,3,533,11,promising
6515,92,5,50,5,5,5,555,15,champions
2882,31,14,995,2,3,2,232,7,can\'t loose
7574,80,5,41,5,5,5,555,15,champions
6387,39,6,77,2,5,4,254,11,promising
5320,20,8,171,1,4,4,144,9,need attention
5048,53,6,131,3,5,4,354,12,new customers
8146,84,4,54,5,5,5,555,15,champions
10031,50,7,53,3,4,5,345,12,new customers
5748,96,13,475,5,3,3,533,11,promising
2134,94,18,694,5,2,2,522,9,need attention
1523,25,6,96,2,5,4,254,11,promising
9665,48,12,361,3,3,3,333,9,need attention
4640,65,24,1079,4,1,2,412,7,can\'t loose
3635,69,17,578,4,2,3,423,9,need attention
3547,12,5,64,1,5,5,155,11,promising
2456,84,8,149,5,4,4,544,13,potential loyalists
5633,47,10,231,3,3,3,333,9,need attention
7801,87,18,728,5,2,2,522,9,need attention
10489,35,22,1778,2,1,1,211,4,hibernating
7011,47,7,93,3,4,4,344,11,promising
2620,48,3,23,3,5,5,355,13,potential loyalists
3933,46,18,662,3,2,2,322,7,can\'t loose
10981,27,17,1198,2,2,1,221,5,hibernating
1734,37,7,81,2,4,4,244,10,loyal customers
10995,8,7,92,1,4,4,144,9,need attention
6357,29,15,491,2,3,3,233,8,about to sleep
9209,85,23,1564,5,1,1,511,7,can\'t loose
10286,2,23,926,1,1,2,112,4,hibernating
2611,66,18,1910,4,2,1,421,7,can\'t loose
1600,60,14,411,4,3,3,433,10,loyal customers
3308,54,6,94,3,5,4,354,12,new customers
5407,70,23,1085,4,1,2,412,7,can\'t loose
2166,55,3,23,3,5,5,355,13,potential loyalists
3955,20,0,6,1,5,5,155,11,promising
6634,78,5,54,4,5,5,455,14,potential loyalists
3056,63,26,1150,4,1,2,412,7,can\'t loose
5718,17,22,1415,1,1,1,111,3,hibernating
6872,43,14,405,3,3,3,333,9,need attention
8164,13,18,1908,1,2,1,121,4,hibernating
4580,46,25,2486,3,1,1,311,5,hibernating
9305,65,26,1315,4,1,1,411,6,at risk
453,1,5,45,1,5,5,155,11,promising
8545,6,16,1789,1,2,1,121,4,hibernating
9850,32,3,19,2,5,5,255,12,new customers
7378,34,17,573,2,2,3,223,7,can\'t loose
7646,70,20,805,4,2,2,422,8,about to sleep
1640,49,6,108,3,5,4,354,12,new customers
5184,65,3,23,4,5,5,455,14,potential loyalists
8492,25,22,1493,2,1,1,211,4,hibernating
11188,84,6,89,5,5,4,554,14,potential loyalists
1212,7,22,936,1,1,2,112,4,hibernating
9097,34,12,343,2,3,3,233,8,about to sleep
10473,38,19,528,2,2,3,223,7,can\'t loose
7962,1,11,1901,1,3,1,131,5,hibernating
9984,25,17,724,2,2,2,222,6,at risk
5527,25,5,58,2,5,5,255,12,new customers
6374,50,11,297,3,3,3,333,9,need attention
7453,46,15,488,3,3,3,333,9,need attention
8952,96,21,859,5,1,2,512,8,about to sleep
241,57,19,1574,3,2,1,321,6,at risk
8975,47,6,69,3,5,5,355,13,potential loyalists
6119,52,3,17,3,5,5,355,13,potential loyalists
5236,30,20,2194,2,2,1,221,5,hibernating
5723,63,7,116,4,4,4,444,12,new customers
1710,51,11,279,3,3,3,333,9,need attention
1970,14,6,103,1,5,4,154,10,loyal customers
5313,20,6,44,1,5,5,155,11,promising
10634,56,14,406,3,3,3,333,9,need attention
7010,41,19,1363,3,2,1,321,6,at risk
8562,72,10,236,4,3,3,433,10,loyal customers
3158,1,4,39,1,5,5,155,11,promising
4436,27,7,137,2,4,4,244,10,loyal customers
5287,77,7,79,4,4,4,444,12,new customers
2445,87,5,63,5,5,5,555,15,champions
6059,81,18,1314,5,2,1,521,8,about to sleep
4550,51,5,71,3,5,4,354,12,new customers
4240,79,5,58,4,5,5,455,14,potential loyalists
8911,11,18,702,1,2,2,122,5,hibernating
3706,54,6,94,3,5,4,354,12,new customers
3628,93,5,80,5,5,4,554,14,potential loyalists
10175,0,4,22,1,5,5,155,11,promising
8985,54,27,1211,3,1,1,311,5,hibernating
5204,21,21,1461,1,1,1,111,3,hibernating
9220,58,19,1968,3,2,1,321,6,at risk
9888,3,15,1091,1,3,2,132,6,at risk
5263,99,4,55,5,5,5,555,15,champions
1020,70,18,1366,4,2,1,421,7,can\'t loose
9503,65,11,313,4,3,3,433,10,loyal customers
10613,44,7,62,3,4,5,345,12,new customers
67,6,6,92,1,5,4,154,10,loyal customers
6019,9,5,72,1,5,4,154,10,loyal customers
5863,95,17,655,5,2,2,522,9,need attention
3717,70,16,704,4,2,2,422,8,about to sleep
6730,92,5,54,5,5,5,555,15,champions
10749,62,1,178,4,5,4,454,13,potential loyalists
4998,85,13,1033,5,3,2,532,10,loyal customers
6287,2,4,36,1,5,5,155,11,promising
5985,0,7,122,1,4,4,144,9,need attention
4754,91,6,122,5,5,4,554,14,potential loyalists
4002,3,26,1123,1,1,2,112,4,hibernating
8870,68,12,497,4,3,3,433,10,loyal customers
966,98,19,691,5,2,2,522,9,need attention
4767,41,19,1363,3,2,1,321,6,at risk
9725,16,3,12,1,5,5,155,11,promising
4475,82,24,2440,5,1,1,511,7,can\'t loose
5740,1,5,56,1,5,5,155,11,promising
5731,64,4,37,4,5,5,455,14,potential loyalists
7290,68,20,968,4,2,2,422,8,about to sleep
3846,98,11,270,5,3,3,533,11,promising
8104,32,11,278,2,3,3,233,8,about to sleep
4507,87,21,1250,5,1,1,511,7,can\'t loose
11013,84,16,938,5,2,2,522,9,need attention
4491,3,17,1178,1,2,1,121,4,hibernating
3759,34,24,1155,2,1,2,212,5,hibernating
1162,23,18,653,1,2,2,122,5,hibernating
2055,37,4,49,2,5,5,255,12,new customers
10766,22,16,506,1,2,3,123,6,at risk
4415,19,5,38,1,5,5,155,11,promising
3005,7,22,1650,1,1,1,111,3,hibernating
2223,52,25,1826,3,1,1,311,5,hibernating
4817,91,3,18,5,5,5,555,15,champions
2875,93,23,906,5,1,2,512,8,about to sleep
10536,78,6,46,4,5,5,455,14,potential loyalists
11112,23,19,1477,1,2,1,121,4,hibernating
3807,83,20,766,5,2,2,522,9,need attention
9197,92,5,47,5,5,5,555,15,champions
10832,4,13,467,1,3,3,133,7,can\'t loose
6421,32,20,2116,2,2,1,221,5,hibernating
4207,27,24,1298,2,1,1,211,4,hibernating
577,10,4,22,1,5,5,155,11,promising
10855,9,13,396,1,3,3,133,7,can\'t loose
3081,65,3,20,4,5,5,455,14,potential loyalists
3535,68,12,967,4,3,2,432,9,need attention
247,16,13,357,1,3,3,133,7,can\'t loose
8707,12,15,1401,1,3,1,131,5,hibernating
9523,95,3,15,5,5,5,555,15,champions
6072,16,19,2087,1,2,1,121,4,hibernating
6295,46,22,981,3,1,2,312,6,at risk
10914,3,4,17,1,5,5,155,11,promising
1509,80,22,523,5,1,3,513,9,need attention
5577,77,3,23,4,5,5,455,14,potential loyalists
7348,0,16,1192,1,2,1,121,4,hibernating
1127,62,19,1958,4,2,1,421,7,can\'t loose
1833,91,7,133,5,4,4,544,13,potential loyalists
4944,24,16,777,1,2,2,122,5,hibernating
9080,2,6,73,1,5,4,154,10,loyal customers
6466,22,7,121,1,4,4,144,9,need attention
9964,56,14,424,3,3,3,333,9,need attention
4790,54,12,868,3,3,2,332,8,about to sleep
10245,71,14,756,4,3,2,432,9,need attention
1109,38,3,12,2,5,5,255,12,new customers
6001,62,23,937,4,1,2,412,7,can\'t loose
5538,78,17,1862,4,2,1,421,7,can\'t loose
10552,18,12,367,1,3,3,133,7,can\'t loose
1545,95,14,443,5,3,3,533,11,promising
7409,66,11,267,4,3,3,433,10,loyal customers
4444,28,5,61,2,5,5,255,12,new customers
146,78,20,1323,4,2,1,421,7,can\'t loose
6271,13,5,63,1,5,5,155,11,promising
10065,27,6,64,2,5,5,255,12,new customers
4741,17,17,562,1,2,3,123,6,at risk
246,71,12,312,4,3,3,433,10,loyal customers
375,79,15,1156,4,3,2,432,9,need attention
1524,1,15,1104,1,3,2,132,6,at risk
10022,78,3,16,4,5,5,455,14,potential loyalists
7451,23,19,2008,1,2,1,121,4,hibernating
11010,75,6,44,4,5,5,455,14,potential loyalists
4356,70,11,1574,4,3,1,431,8,about to sleep
3885,10,4,63,1,5,5,155,11,promising
1175,24,11,426,1,3,3,133,7,can\'t loose
880,47,5,96,3,5,4,354,12,new customers
2320,98,18,635,5,2,3,523,10,loyal customers
850,4,20,757,1,2,2,122,5,hibernating
4713,15,7,125,1,4,4,144,9,need attention
675,67,11,332,4,3,3,433,10,loyal customers
5025,32,7,135,2,4,4,244,10,loyal customers
2308,40,12,330,3,3,3,333,9,need attention
5995,54,13,384,3,3,3,333,9,need attention
6749,78,14,1722,4,3,1,431,8,about to sleep
1010,94,5,78,5,5,4,554,14,potential loyalists
8977,51,3,24,3,5,5,355,13,potential loyalists
4756,42,24,1168,3,1,2,312,6,at risk
3412,67,13,957,4,3,2,432,9,need attention
606,87,3,15,5,5,5,555,15,champions
5961,29,4,57,2,5,5,255,12,new customers
2975,89,22,1956,5,1,1,511,7,can\'t loose
2894,74,20,2013,4,2,1,421,7,can\'t loose
7613,97,12,326,5,3,3,533,11,promising
10542,63,6,77,4,5,4,454,13,potential loyalists
8015,88,19,1313,5,2,1,521,8,about to sleep
10617,34,6,30,2,5,5,255,12,new customers
11166,81,12,315,5,3,3,533,11,promising
849,65,18,660,4,2,2,422,8,about to sleep
523,51,6,74,3,5,4,354,12,new customers
4066,76,5,46,4,5,5,455,14,potential loyalists
8414,76,6,86,4,5,4,454,13,potential loyalists
819,84,24,1103,5,1,2,512,8,about to sleep
4961,56,7,61,3,4,5,345,12,new customers
749,31,7,145,2,4,4,244,10,loyal customers
5430,0,19,684,1,2,2,122,5,hibernating
7755,91,14,411,5,3,3,533,11,promising
10525,40,3,27,3,5,5,355,13,potential loyalists
1453,59,25,1060,4,1,2,412,7,can\'t loose
8310,96,21,1459,5,1,1,511,7,can\'t loose
10710,61,3,18,4,5,5,455,14,potential loyalists
5031,14,25,1833,1,1,1,111,3,hibernating
2613,16,10,237,1,3,3,133,7,can\'t loose
213,98,6,48,5,5,5,555,15,champions
967,11,16,515,1,2,3,123,6,at risk
1077,52,14,1020,3,3,2,332,8,about to sleep
7959,19,10,1370,1,3,1,131,5,hibernating
640,61,23,1026,4,1,2,412,7,can\'t loose
4252,73,11,301,4,3,3,433,10,loyal customers
8432,0,19,684,1,2,2,122,5,hibernating
6218,74,16,499,4,2,3,423,9,need attention
6905,55,20,1004,3,2,2,322,7,can\'t loose
5922,48,10,218,3,3,3,333,9,need attention
3598,53,18,606,3,2,3,323,8,about to sleep
6116,13,5,75,1,5,4,154,10,loyal customers
6263,34,6,106,2,5,4,254,11,promising
10486,54,16,990,3,2,2,322,7,can\'t loose
2410,69,15,1097,4,3,2,432,9,need attention
193,81,3,16,5,5,5,555,15,champions
3363,99,4,34,5,5,5,555,15,champions
8278,3,15,1711,1,3,1,131,5,hibernating
10660,61,14,438,4,3,3,433,10,loyal customers
8686,65,5,75,4,5,4,454,13,potential loyalists
1604,93,10,225,5,3,3,533,11,promising
5907,24,3,18,1,5,5,155,11,promising
10669,8,15,470,1,3,3,133,7,can\'t loose
2918,72,6,91,4,5,4,454,13,potential loyalists
5735,29,17,2525,2,2,1,221,5,hibernating
359,33,16,504,2,2,3,223,7,can\'t loose
8387,68,10,235,4,3,3,433,10,loyal customers
1829,55,18,1232,3,2,1,321,6,at risk
3839,76,7,88,4,4,4,444,12,new customers
9392,17,3,17,1,5,5,155,11,promising
2292,94,4,24,5,5,5,555,15,champions
10466,86,5,60,5,5,5,555,15,champions
9855,25,25,1020,2,1,2,212,5,hibernating
4088,22,8,155,1,4,4,144,9,need attention
5231,15,4,51,1,5,5,155,11,promising
590,35,15,1812,2,3,1,231,6,at risk
8732,81,21,1461,5,1,1,511,7,can\'t loose
2315,55,5,96,3,5,4,354,12,new customers
3515,94,8,160,5,4,4,544,13,potential loyalists
2245,50,7,139,3,4,4,344,11,promising
6283,64,21,908,4,1,2,412,7,can\'t loose
2246,91,7,183,5,4,4,544,13,potential loyalists
6606,11,17,1161,1,2,2,122,5,hibernating
5545,72,13,988,4,3,2,432,9,need attention
7342,6,24,1072,1,1,2,112,4,hibernating
837,0,8,174,1,4,4,144,9,need attention
9500,66,19,758,4,2,2,422,8,about to sleep
3602,42,9,195,3,4,4,344,11,promising
234,60,4,31,4,5,5,455,14,potential loyalists
2995,64,16,1084,4,2,2,422,8,about to sleep
1118,87,19,685,5,2,2,522,9,need attention
7789,96,25,1672,5,1,1,511,7,can\'t loose
3068,1,5,43,1,5,5,155,11,promising
8955,54,4,49,3,5,5,355,13,potential loyalists
945,53,7,133,3,4,4,344,11,promising
5644,96,13,363,5,3,3,533,11,promising
7192,58,16,545,3,2,3,323,8,about to sleep
2324,12,29,1065,1,1,2,112,4,hibernating
697,78,20,2047,4,2,1,421,7,can\'t loose
3439,64,10,296,4,3,3,433,10,loyal customers
1506,26,7,140,2,4,4,244,10,loyal customers
232,8,16,530,1,2,3,123,6,at risk
8876,49,8,152,3,4,4,344,11,promising
4500,56,23,1598,3,1,1,311,5,hibernating
9739,55,6,114,3,5,4,354,12,new customers
10395,25,7,101,2,4,4,244,10,loyal customers
1176,50,3,25,3,5,5,355,13,potential loyalists
1627,84,21,789,5,1,2,512,8,about to sleep
938,30,5,87,2,5,4,254,11,promising
2740,81,7,90,5,4,4,544,13,potential loyalists
257,74,18,1215,4,2,1,421,7,can\'t loose
4058,76,21,811,4,1,2,412,7,can\'t loose
7736,36,5,61,2,5,5,255,12,new customers
8210,64,13,405,4,3,3,433,10,loyal customers
833,62,6,72,4,5,4,454,13,potential loyalists
6230,53,9,189,3,4,4,344,11,promising
7325,86,4,40,5,5,5,555,15,champions
1307,15,7,63,1,4,5,145,10,loyal customers
1502,67,5,52,4,5,5,455,14,potential loyalists
6211,47,4,39,3,5,5,355,13,potential loyalists
843,47,21,805,3,1,2,312,6,at risk
4174,81,7,130,5,4,4,544,13,potential loyalists
9757,98,23,1631,5,1,1,511,7,can\'t loose
6918,56,4,34,3,5,5,355,13,potential loyalists
286,48,8,152,3,4,4,344,11,promising
11086,18,4,21,1,5,5,155,11,promising
1921,74,5,71,4,5,4,454,13,potential loyalists
4138,68,22,899,4,1,2,412,7,can\'t loose
7718,36,9,711,2,4,2,242,8,about to sleep
1291,90,12,351,5,3,3,533,11,promising
6862,65,0,8,4,5,5,455,14,potential loyalists
4136,63,7,119,4,4,4,444,12,new customers
803,82,3,21,5,5,5,555,15,champions
4298,63,3,10,4,5,5,455,14,potential loyalists
10833,55,24,973,3,1,2,312,6,at risk
9606,64,12,1536,4,3,1,431,8,about to sleep
8534,51,24,992,3,1,2,312,6,at risk
5153,97,32,1529,5,1,1,511,7,can\'t loose
961,92,15,860,5,3,2,532,10,loyal customers
5011,51,21,928,3,1,2,312,6,at risk
6653,72,14,418,4,3,3,433,10,loyal customers
9094,39,14,587,2,3,3,233,8,about to sleep
810,49,17,641,3,2,2,322,7,can\'t loose
5493,21,3,23,1,5,5,155,11,promising
2147,91,22,2279,5,1,1,511,7,can\'t loose
5107,37,4,49,2,5,5,255,12,new customers
3979,98,16,1779,5,2,1,521,8,about to sleep
6049,85,26,1804,5,1,1,511,7,can\'t loose
8147,40,5,48,3,5,5,355,13,potential loyalists
1857,2,5,83,1,5,4,154,10,loyal customers
3910,78,17,1862,4,2,1,421,7,can\'t loose
5207,41,19,793,3,2,2,322,7,can\'t loose
11114,94,6,84,5,5,4,554,14,potential loyalists
5429,10,9,183,1,4,4,144,9,need attention
9400,73,18,1383,4,2,1,421,7,can\'t loose
1740,22,14,999,1,3,2,132,6,at risk
7488,30,21,825,2,1,2,212,5,hibernating
195,21,10,246,1,3,3,133,7,can\'t loose
635,51,17,610,3,2,3,323,8,about to sleep
7527,97,6,76,5,5,4,554,14,potential loyalists
10319,56,18,1286,3,2,1,321,6,at risk
2296,4,3,30,1,5,5,155,11,promising
10637,77,6,99,4,5,4,454,13,potential loyalists
2931,95,22,1192,5,1,1,511,7,can\'t loose
907,36,13,362,2,3,3,233,8,about to sleep
3698,13,18,2130,1,2,1,121,4,hibernating
9516,90,26,1229,5,1,1,511,7,can\'t loose
679,49,4,38,3,5,5,355,13,potential loyalists
7384,18,15,485,1,3,3,133,7,can\'t loose
5043,89,11,434,5,3,3,533,11,promising
5267,43,4,44,3,5,5,355,13,potential loyalists
339,82,16,496,5,2,3,523,10,loyal customers
2516,84,5,78,5,5,4,554,14,potential loyalists
9010,80,22,2346,5,1,1,511,7,can\'t loose
378,68,19,794,4,2,2,422,8,about to sleep
4808,12,3,17,1,5,5,155,11,promising
5068,75,4,26,4,5,5,455,14,potential loyalists
7628,10,6,76,1,5,4,154,10,loyal customers
7128,91,3,15,5,5,5,555,15,champions
2811,21,5,62,1,5,5,155,11,promising
3551,28,8,198,2,4,3,243,9,need attention
1663,97,4,49,5,5,5,555,15,champions
5543,49,20,802,3,2,2,322,7,can\'t loose
1577,14,14,1736,1,3,1,131,5,hibernating
10641,5,6,57,1,5,5,155,11,promising
5336,37,2,59,2,5,5,255,12,new customers
6024,62,18,2302,4,2,1,421,7,can\'t loose
1878,83,5,37,5,5,5,555,15,champions
3099,48,11,310,3,3,3,333,9,need attention
6055,94,18,1305,5,2,1,521,8,about to sleep
5841,61,21,832,4,1,2,412,7,can\'t loose
3972,70,13,401,4,3,3,433,10,loyal customers
4394,43,22,1501,3,1,1,311,5,hibernating
5758,23,27,1189,1,1,1,111,3,hibernating
6658,37,25,1194,2,1,1,211,4,hibernating
4603,50,19,656,3,2,2,322,7,can\'t loose
8427,78,22,1540,4,1,1,411,6,at risk
10260,74,12,311,4,3,3,433,10,loyal customers
7143,14,21,820,1,1,2,112,4,hibernating
8789,77,11,274,4,3,3,433,10,loyal customers
6197,39,6,57,2,5,5,255,12,new customers
4554,89,13,448,5,3,3,533,11,promising
4937,62,4,44,4,5,5,455,14,potential loyalists
1920,59,6,102,4,5,4,454,13,potential loyalists
8749,68,4,61,4,5,5,455,14,potential loyalists
1650,13,26,1643,1,1,1,111,3,hibernating
10377,37,12,397,2,3,3,233,8,about to sleep
9206,36,24,1121,2,1,2,212,5,hibernating
10971,28,12,473,2,3,3,233,8,about to sleep
6398,2,6,50,1,5,5,155,11,promising
9212,17,22,1678,1,1,1,111,3,hibernating
7937,86,6,58,5,5,5,555,15,champions
839,54,8,170,3,4,4,344,11,promising
4246,2,2,373,1,5,3,153,9,need attention
158,3,16,1196,1,2,1,121,4,hibernating
4832,84,6,101,5,5,4,554,14,potential loyalists
5621,8,12,316,1,3,3,133,7,can\'t loose
1945,4,18,1400,1,2,1,121,4,hibernating
5147,57,26,1424,3,1,1,311,5,hibernating
2535,24,19,844,1,2,2,122,5,hibernating
11039,51,11,311,3,3,3,333,9,need attention
9495,29,16,1149,2,2,2,222,6,at risk
9635,13,7,129,1,4,4,144,9,need attention
2173,23,4,32,1,5,5,155,11,promising
942,36,11,299,2,3,3,233,8,about to sleep
9386,88,12,320,5,3,3,533,11,promising
5510,2,13,441,1,3,3,133,7,can\'t loose
873,3,17,1178,1,2,1,121,4,hibernating
2253,15,5,85,1,5,4,154,10,loyal customers
5181,58,3,24,3,5,5,355,13,potential loyalists
979,11,6,112,1,5,4,154,10,loyal customers
10390,27,4,30,2,5,5,255,12,new customers
4698,32,14,410,2,3,3,233,8,about to sleep
7793,12,21,800,1,1,2,112,4,hibernating
1745,88,19,1313,5,2,1,521,8,about to sleep
10590,91,22,1483,5,1,1,511,7,can\'t loose
5080,12,16,1258,1,2,1,121,4,hibernating
8369,21,3,28,1,5,5,155,11,promising
5232,23,10,227,1,3,3,133,7,can\'t loose
2407,10,19,1555,1,2,1,121,4,hibernating
3834,35,21,861,2,1,2,212,5,hibernating
7912,69,6,103,4,5,4,454,13,potential loyalists
7712,68,18,634,4,2,3,423,9,need attention
1065,85,18,1918,5,2,1,521,8,about to sleep
7275,34,7,131,2,4,4,244,10,loyal customers
1343,55,16,586,3,2,3,323,8,about to sleep
1384,10,5,62,1,5,5,155,11,promising
9967,30,14,447,2,3,3,233,8,about to sleep
6181,36,26,939,2,1,2,212,5,hibernating
10507,14,11,797,1,3,2,132,6,at risk
2674,79,15,1143,4,3,2,432,9,need attention
2698,52,14,415,3,3,3,333,9,need attention
3231,97,4,30,5,5,5,555,15,champions
4096,24,9,187,1,4,4,144,9,need attention
10476,0,10,251,1,3,3,133,7,can\'t loose
5948,96,10,237,5,3,3,533,11,promising
9140,89,6,91,5,5,4,554,14,potential loyalists
10258,94,4,35,5,5,5,555,15,champions
5675,98,16,493,5,2,3,523,10,loyal customers
4743,72,23,971,4,1,2,412,7,can\'t loose
8805,1,13,371,1,3,3,133,7,can\'t loose
1542,26,14,396,2,3,3,233,8,about to sleep
6770,5,5,68,1,5,5,155,11,promising
8773,22,12,322,1,3,3,133,7,can\'t loose
10420,56,9,222,3,4,3,343,10,loyal customers
7514,74,8,177,4,4,4,444,12,new customers
793,24,5,45,1,5,5,155,11,promising
10909,9,20,1899,1,2,1,121,4,hibernating
8702,10,4,22,1,5,5,155,11,promising
4791,35,4,41,2,5,5,255,12,new customers
2963,56,20,1440,3,2,1,321,6,at risk
8216,7,11,325,1,3,3,133,7,can\'t loose
8140,51,7,95,3,4,4,344,11,promising
10146,17,4,42,1,5,5,155,11,promising
5289,30,4,72,2,5,4,254,11,promising
2587,21,5,20,1,5,5,155,11,promising
4405,2,21,789,1,1,2,112,4,hibernating
8663,85,3,15,5,5,5,555,15,champions
2589,65,6,59,4,5,5,455,14,potential loyalists
3421,64,21,908,4,1,2,412,7,can\'t loose
10490,11,12,417,1,3,3,133,7,can\'t loose
4094,92,11,289,5,3,3,533,11,promising
9958,54,20,769,3,2,2,322,7,can\'t loose
2534,4,8,188,1,4,4,144,9,need attention
4188,53,11,354,3,3,3,333,9,need attention
6613,39,20,727,2,2,2,222,6,at risk
10827,49,7,146,3,4,4,344,11,promising
5491,70,12,319,4,3,3,433,10,loyal customers
8402,40,20,794,3,2,2,322,7,can\'t loose
8783,40,15,454,3,3,3,333,9,need attention
10010,43,7,152,3,4,4,344,11,promising
618,17,21,797,1,1,2,112,4,hibernating
9121,40,14,1690,3,3,1,331,7,can\'t loose
361,84,3,20,5,5,5,555,15,champions
4310,25,20,1428,2,2,1,221,5,hibernating
2678,62,8,209,4,4,3,443,11,promising
6376,83,15,545,5,3,3,533,11,promising
524,47,5,96,3,5,4,354,12,new customers
10341,45,9,222,3,4,3,343,10,loyal customers
5654,34,5,61,2,5,5,255,12,new customers
4098,3,6,44,1,5,5,155,11,promising
5824,1,3,8,1,5,5,155,11,promising
7000,18,22,817,1,1,2,112,4,hibernating
2561,45,19,1371,3,2,1,321,6,at risk
5229,81,4,42,5,5,5,555,15,champions
4086,77,4,60,4,5,5,455,14,potential loyalists
2428,23,6,78,1,5,4,154,10,loyal customers
8254,48,3,23,3,5,5,355,13,potential loyalists
2836,61,3,19,4,5,5,455,14,potential loyalists
8418,60,5,61,4,5,5,455,14,potential loyalists
1362,75,13,449,4,3,3,433,10,loyal customers
7152,64,4,37,4,5,5,455,14,potential loyalists
10033,54,4,38,3,5,5,355,13,potential loyalists
9349,84,22,1131,5,1,2,512,8,about to sleep
274,75,5,34,4,5,5,455,14,potential loyalists
3388,16,12,294,1,3,3,133,7,can\'t loose
922,79,4,48,4,5,5,455,14,potential loyalists
8588,92,11,289,5,3,3,533,11,promising
2518,16,3,30,1,5,5,155,11,promising
574,96,6,125,5,5,4,554,14,potential loyalists
3220,30,7,156,2,4,4,244,10,loyal customers
5967,60,6,70,4,5,4,454,13,potential loyalists
1183,11,3,22,1,5,5,155,11,promising
6856,75,6,65,4,5,5,455,14,potential loyalists
4530,36,20,1930,2,2,1,221,5,hibernating
1553,71,22,2283,4,1,1,411,6,at risk
4682,88,12,310,5,3,3,533,11,promising
8204,93,17,1319,5,2,1,521,8,about to sleep
5221,93,22,879,5,1,2,512,8,about to sleep
1232,54,16,1244,3,2,1,321,6,at risk
1927,41,13,690,3,3,2,332,8,about to sleep
5788,46,9,209,3,4,3,343,10,loyal customers
6652,28,16,1134,2,2,2,222,6,at risk
6246,40,22,1507,3,1,1,311,5,hibernating
5975,82,5,57,5,5,5,555,15,champions
6875,38,15,529,2,3,3,233,8,about to sleep
4399,3,15,1091,1,3,2,132,6,at risk
4042,87,8,180,5,4,4,544,13,potential loyalists
2157,49,6,77,3,5,4,354,12,new customers
10133,16,25,2349,1,1,1,111,3,hibernating
2525,65,16,534,4,2,3,423,9,need attention
8233,9,17,556,1,2,3,123,6,at risk
9483,24,18,637,1,2,2,122,5,hibernating
2945,25,4,46,2,5,5,255,12,new customers
10403,43,6,44,3,5,5,355,13,potential loyalists
5074,10,4,47,1,5,5,155,11,promising
10524,29,18,795,2,2,2,222,6,at risk
4690,45,17,586,3,2,3,323,8,about to sleep
7521,57,19,1574,3,2,1,321,6,at risk
7196,20,3,13,1,5,5,155,11,promising
4406,29,21,1471,2,1,1,211,4,hibernating
9672,82,5,65,5,5,5,555,15,champions
4864,68,8,175,4,4,4,444,12,new customers
4706,65,4,40,4,5,5,455,14,potential loyalists
4070,99,17,1078,5,2,2,522,9,need attention
25,9,19,1115,1,2,2,122,5,hibernating
3697,20,7,134,1,4,4,144,9,need attention
217,78,22,1540,4,1,1,411,6,at risk
4220,26,6,87,2,5,4,254,11,promising
5286,68,9,217,4,4,3,443,11,promising
9559,79,25,1034,4,1,2,412,7,can\'t loose
2849,25,24,1180,2,1,1,211,4,hibernating
7787,83,20,819,5,2,2,522,9,need attention
3102,32,4,32,2,5,5,255,12,new customers
5868,49,4,46,3,5,5,355,13,potential loyalists
8370,50,16,1159,3,2,2,322,7,can\'t loose
9988,84,22,860,5,1,2,512,8,about to sleep
2939,96,14,1631,5,3,1,531,9,need attention
5529,56,15,444,3,3,3,333,9,need attention
9743,85,27,1910,5,1,1,511,7,can\'t loose
5763,63,13,380,4,3,3,433,10,loyal customers
3478,17,20,736,1,2,2,122,5,hibernating
7494,11,11,269,1,3,3,133,7,can\'t loose
1763,62,28,2524,4,1,1,411,6,at risk
7250,48,18,612,3,2,3,323,8,about to sleep
2005,86,6,75,5,5,4,554,14,potential loyalists
10770,73,24,1045,4,1,2,412,7,can\'t loose
6885,36,5,55,2,5,5,255,12,new customers
2072,34,15,1064,2,3,2,232,7,can\'t loose
9463,16,21,1443,1,1,1,111,3,hibernating
6318,48,29,1366,3,1,1,311,5,hibernating
4093,61,12,436,4,3,3,433,10,loyal customers
5751,54,4,38,3,5,5,355,13,potential loyalists
3340,56,14,436,3,3,3,333,9,need attention
3594,74,19,747,4,2,2,422,8,about to sleep
3584,35,20,1396,2,2,1,221,5,hibernating
3643,65,13,928,4,3,2,432,9,need attention
851,48,17,642,3,2,2,322,7,can\'t loose
7706,88,24,1048,5,1,2,512,8,about to sleep
3967,19,23,943,1,1,2,112,4,hibernating
10128,21,22,907,1,1,2,112,4,hibernating
486,27,17,1198,2,2,1,221,5,hibernating
9,86,7,120,5,4,4,544,13,potential loyalists
9451,92,23,1658,5,1,1,511,7,can\'t loose
9264,1,21,1638,1,1,1,111,3,hibernating
3865,14,6,73,1,5,4,154,10,loyal customers
2853,74,10,275,4,3,3,433,10,loyal customers
1490,84,21,854,5,1,2,512,8,about to sleep
6310,4,6,78,1,5,4,154,10,loyal customers
10380,50,6,106,3,5,4,354,12,new customers
3887,2,5,106,1,5,4,154,10,loyal customers
4278,73,18,1923,4,2,1,421,7,can\'t loose
8643,21,21,1662,1,1,1,111,3,hibernating
1998,82,6,84,5,5,4,554,14,potential loyalists
10795,14,5,48,1,5,5,155,11,promising
11110,56,0,5,3,5,5,355,13,potential loyalists
2408,20,20,733,1,2,2,122,5,hibernating
202,54,17,1234,3,2,1,321,6,at risk
7998,77,6,112,4,5,4,454,13,potential loyalists
830,5,14,1658,1,3,1,131,5,hibernating
3536,65,5,55,4,5,5,455,14,potential loyalists
6050,33,22,1513,2,1,1,211,4,hibernating
125,65,11,271,4,3,3,433,10,loyal customers
3463,41,23,904,3,1,2,312,6,at risk
2804,86,7,120,5,4,4,544,13,potential loyalists
3745,92,6,103,5,5,4,554,14,potential loyalists
9771,97,11,269,5,3,3,533,11,promising
451,91,4,22,5,5,5,555,15,champions
10530,0,15,1156,1,3,2,132,6,at risk
1079,59,16,1086,4,2,2,422,8,about to sleep
8920,4,25,1128,1,1,2,112,4,hibernating
6678,5,7,72,1,4,4,144,9,need attention
3852,48,23,964,3,1,2,312,6,at risk
528,99,19,1383,5,2,1,521,8,about to sleep
73,81,3,18,5,5,5,555,15,champions
5589,95,21,793,5,1,2,512,8,about to sleep
10212,43,6,100,3,5,4,354,12,new customers
6365,5,5,80,1,5,4,154,10,loyal customers
5636,50,7,167,3,4,4,344,11,promising
591,76,18,677,4,2,2,422,8,about to sleep
2217,46,3,23,3,5,5,355,13,potential loyalists
2544,68,6,92,4,5,4,454,13,potential loyalists
7725,33,15,641,2,3,2,232,7,can\'t loose
8091,50,16,1106,3,2,2,322,7,can\'t loose
7321,85,13,1033,5,3,2,532,10,loyal customers
5462,63,27,1174,4,1,2,412,7,can\'t loose
7791,89,4,25,5,5,5,555,15,champions
955,81,10,240,5,3,3,533,11,promising
4037,77,3,20,4,5,5,455,14,potential loyalists
6642,50,7,102,3,4,4,344,11,promising
2793,10,23,1034,1,1,2,112,4,hibernating
5424,30,7,156,2,4,4,244,10,loyal customers
879,66,15,458,4,3,3,433,10,loyal customers
9530,16,3,17,1,5,5,155,11,promising
4828,12,20,792,1,2,2,122,5,hibernating
10699,30,6,92,2,5,4,254,11,promising
1497,8,14,407,1,3,3,133,7,can\'t loose
7476,93,19,1269,5,2,1,521,8,about to sleep
4390,14,21,841,1,1,2,112,4,hibernating
10478,53,18,633,3,2,3,323,8,about to sleep
1081,26,14,1019,2,3,2,232,7,can\'t loose
4261,23,25,1315,1,1,1,111,3,hibernating
9916,92,5,54,5,5,5,555,15,champions
5350,29,17,2525,2,2,1,221,5,hibernating
8135,41,4,52,3,5,5,355,13,potential loyalists
8685,56,14,436,3,3,3,333,9,need attention
4967,19,11,268,1,3,3,133,7,can\'t loose
2130,4,7,147,1,4,4,144,9,need attention
9298,89,17,1798,5,2,1,521,8,about to sleep
8175,71,7,137,4,4,4,444,12,new customers
6257,81,16,507,5,2,3,523,10,loyal customers
3790,31,3,15,2,5,5,255,12,new customers
9952,53,16,1105,3,2,2,322,7,can\'t loose
3503,78,14,974,4,3,2,432,9,need attention
5223,80,6,66,5,5,5,555,15,champions
4608,18,26,778,1,1,2,112,4,hibernating
1626,37,4,49,2,5,5,255,12,new customers
4764,52,8,169,3,4,4,344,11,promising
2471,39,11,299,2,3,3,233,8,about to sleep
5892,11,10,221,1,3,3,133,7,can\'t loose
2612,33,24,1682,2,1,1,211,4,hibernating
4971,22,8,155,1,4,4,144,9,need attention
5185,83,12,892,5,3,2,532,10,loyal customers
10069,43,4,58,3,5,5,355,13,potential loyalists
2262,74,12,311,4,3,3,433,10,loyal customers
1131,54,6,95,3,5,4,354,12,new customers
1041,3,14,424,1,3,3,133,7,can\'t loose
24,96,7,47,5,4,5,545,14,potential loyalists
3409,68,12,339,4,3,3,433,10,loyal customers
7022,2,20,1410,1,2,1,121,4,hibernating
7943,40,5,35,3,5,5,355,13,potential loyalists
5272,64,16,562,4,2,3,423,9,need attention
5453,26,23,2352,2,1,1,211,4,hibernating
2565,69,19,1334,4,2,1,421,7,can\'t loose
800,57,4,32,3,5,5,355,13,potential loyalists
11092,78,5,41,4,5,5,455,14,potential loyalists
5062,71,4,39,4,5,5,455,14,potential loyalists
8969,59,21,1141,4,1,2,412,7,can\'t loose
4656,28,19,710,2,2,2,222,6,at risk
4480,61,14,401,4,3,3,433,10,loyal customers
9971,22,16,506,1,2,3,123,6,at risk
6729,95,20,1538,5,2,1,521,8,about to sleep
1773,38,5,57,2,5,5,255,12,new customers
9242,19,18,1722,1,2,1,121,4,hibernating
1764,92,11,270,5,3,3,533,11,promising
6215,24,4,31,1,5,5,155,11,promising
10099,21,21,882,1,1,2,112,4,hibernating
5423,35,3,16,2,5,5,255,12,new customers
940,9,12,311,1,3,3,133,7,can\'t loose
3011,23,10,227,1,3,3,133,7,can\'t loose
3298,92,24,1152,5,1,2,512,8,about to sleep
8286,55,7,122,3,4,4,344,11,promising
9668,14,6,77,1,5,4,154,10,loyal customers
5120,78,18,1289,4,2,1,421,7,can\'t loose
6097,64,15,561,4,3,3,433,10,loyal customers
7019,49,9,211,3,4,3,343,10,loyal customers
7408,8,10,233,1,3,3,133,7,can\'t loose
8041,35,15,1092,2,3,2,232,7,can\'t loose
252,11,16,601,1,2,3,123,6,at risk
9986,8,7,54,1,4,5,145,10,loyal customers
3276,53,6,78,3,5,4,354,12,new customers
3859,36,25,1095,2,1,2,212,5,hibernating
3570,64,10,244,4,3,3,433,10,loyal customers
3783,43,7,116,3,4,4,344,11,promising
10207,40,3,15,3,5,5,355,13,potential loyalists
10906,52,14,425,3,3,3,333,9,need attention
3427,11,20,734,1,2,2,122,5,hibernating
5209,21,17,638,1,2,2,122,5,hibernating
10711,23,21,894,1,1,2,112,4,hibernating
10785,17,5,41,1,5,5,155,11,promising
2814,6,4,31,1,5,5,155,11,promising
6866,56,4,34,3,5,5,355,13,potential loyalists
1665,71,13,1750,4,3,1,431,8,about to sleep
6575,51,17,612,3,2,3,323,8,about to sleep
3829,94,4,29,5,5,5,555,15,champions
3091,27,20,823,2,2,2,222,6,at risk
10141,1,3,20,1,5,5,155,11,promising
5177,56,14,396,3,3,3,333,9,need attention
7005,71,20,813,4,2,2,422,8,about to sleep
6409,18,19,1179,1,2,1,121,4,hibernating
7485,48,7,138,3,4,4,344,11,promising
8079,86,6,55,5,5,5,555,15,champions
8395,48,21,1511,3,1,1,311,5,hibernating
10352,2,6,117,1,5,4,154,10,loyal customers
4931,13,28,1730,1,1,1,111,3,hibernating
13,57,4,32,3,5,5,355,13,potential loyalists
1834,77,5,67,4,5,5,455,14,potential loyalists
2285,0,12,335,1,3,3,133,7,can\'t loose
2295,57,21,825,3,1,2,312,6,at risk
1378,24,17,694,1,2,2,122,5,hibernating
2781,55,16,1792,3,2,1,321,6,at risk
1165,62,15,496,4,3,3,433,10,loyal customers
1404,89,9,231,5,4,3,543,12,new customers
6457,77,22,902,4,1,2,412,7,can\'t loose
2639,45,6,68,3,5,5,355,13,potential loyalists
8299,46,5,71,3,5,4,354,12,new customers
6437,80,5,76,5,5,4,554,14,potential loyalists
6912,60,21,772,4,1,2,412,7,can\'t loose
7327,71,6,47,4,5,5,455,14,potential loyalists
5299,43,23,1586,3,1,1,311,5,hibernating
4127,97,32,1529,5,1,1,511,7,can\'t loose
8143,49,11,265,3,3,3,333,9,need attention
1964,66,17,1603,4,2,1,421,7,can\'t loose
3690,20,21,2091,1,1,1,111,3,hibernating
3433,54,20,981,3,2,2,322,7,can\'t loose
3389,61,30,1533,4,1,1,411,6,at risk
4712,18,6,82,1,5,4,154,10,loyal customers
1170,45,10,244,3,3,3,333,9,need attention
6347,26,4,36,2,5,5,255,12,new customers
4065,0,14,404,1,3,3,133,7,can\'t loose
8230,28,5,71,2,5,4,254,11,promising
1215,49,22,1572,3,1,1,311,5,hibernating
5939,84,7,122,5,4,4,544,13,potential loyalists
2156,38,6,41,2,5,5,255,12,new customers
7788,53,3,10,3,5,5,355,13,potential loyalists
10323,88,11,304,5,3,3,533,11,promising
7947,99,4,37,5,5,5,555,15,champions
1891,12,15,1754,1,3,1,131,5,hibernating
2570,35,21,815,2,1,2,212,5,hibernating
9256,5,23,1001,1,1,2,112,4,hibernating
295,77,21,1157,4,1,2,412,7,can\'t loose
7397,45,18,688,3,2,2,322,7,can\'t loose
6349,71,18,1319,4,2,1,421,7,can\'t loose
10790,40,3,21,3,5,5,355,13,potential loyalists
10398,82,3,31,5,5,5,555,15,champions
2431,70,5,67,4,5,5,455,14,potential loyalists
550,87,19,708,5,2,2,522,9,need attention
1890,95,3,25,5,5,5,555,15,champions
10742,72,11,746,4,3,2,432,9,need attention
10356,5,4,32,1,5,5,155,11,promising
4676,86,23,1695,5,1,1,511,7,can\'t loose
8852,80,23,1080,5,1,2,512,8,about to sleep
3565,62,6,72,4,5,4,454,13,potential loyalists
5294,49,7,57,3,4,5,345,12,new customers
1958,85,19,660,5,2,2,522,9,need attention
7349,7,7,103,1,4,4,144,9,need attention
8799,6,8,153,1,4,4,144,9,need attention
1351,25,28,1220,2,1,1,211,4,hibernating
1045,55,11,279,3,3,3,333,9,need attention
7732,81,19,745,5,2,2,522,9,need attention
8070,98,11,264,5,3,3,533,11,promising
477,31,21,2157,2,1,1,211,4,hibernating
7832,30,22,1526,2,1,1,211,4,hibernating
2202,98,5,69,5,5,5,555,15,champions
7396,92,25,1597,5,1,1,511,7,can\'t loose
4055,41,6,64,3,5,5,355,13,potential loyalists
10340,68,12,497,4,3,3,433,10,loyal customers
10091,78,15,1067,4,3,2,432,9,need attention
7629,46,5,31,3,5,5,355,13,potential loyalists
10640,71,9,211,4,4,3,443,11,promising
3498,6,21,877,1,1,2,112,4,hibernating
6742,82,3,11,5,5,5,555,15,champions
1172,71,24,2034,4,1,1,411,6,at risk
569,32,18,1991,2,2,1,221,5,hibernating
4686,28,24,1686,2,1,1,211,4,hibernating
1381,20,12,324,1,3,3,133,7,can\'t loose
2634,10,6,69,1,5,5,155,11,promising
10905,7,11,252,1,3,3,133,7,can\'t loose
1744,67,4,54,4,5,5,455,14,potential loyalists
1000,48,23,964,3,1,2,312,6,at risk
3828,61,26,1327,4,1,1,411,6,at risk
8605,36,5,68,2,5,5,255,12,new customers
10304,77,4,60,4,5,5,455,14,potential loyalists
4351,90,4,55,5,5,5,555,15,champions
10129,35,20,1456,2,2,1,221,5,hibernating
2499,38,17,563,2,2,3,223,7,can\'t loose
10092,46,22,1504,3,1,1,311,5,hibernating
7500,33,17,564,2,2,3,223,7,can\'t loose
5796,70,22,1125,4,1,2,412,7,can\'t loose
10556,51,13,358,3,3,3,333,9,need attention
1064,18,4,42,1,5,5,155,11,promising
48,97,8,184,5,4,4,544,13,potential loyalists
7610,32,14,460,2,3,3,233,8,about to sleep
263,9,7,145,1,4,4,144,9,need attention
10814,6,24,1376,1,1,1,111,3,hibernating
9710,80,21,792,5,1,2,512,8,about to sleep
9292,74,22,1382,4,1,1,411,6,at risk
10250,49,3,28,3,5,5,355,13,potential loyalists
7881,21,23,1033,1,1,2,112,4,hibernating
5847,95,20,882,5,2,2,522,9,need attention
737,56,13,2231,3,3,1,331,7,can\'t loose
3571,48,16,1101,3,2,2,322,7,can\'t loose
7807,26,11,369,2,3,3,233,8,about to sleep
3878,3,4,48,1,5,5,155,11,promising
5092,39,15,467,2,3,3,233,8,about to sleep
2154,33,5,44,2,5,5,255,12,new customers
5394,42,6,38,3,5,5,355,13,potential loyalists
3798,80,6,81,5,5,4,554,14,potential loyalists
3524,9,8,167,1,4,4,144,9,need attention
5247,52,5,45,3,5,5,355,13,potential loyalists
5883,78,18,664,4,2,2,422,8,about to sleep
2118,68,17,622,4,2,3,423,9,need attention
8812,45,5,48,3,5,5,355,13,potential loyalists
6616,47,14,461,3,3,3,333,9,need attention
2797,34,25,1073,2,1,2,212,5,hibernating
4328,81,6,55,5,5,5,555,15,champions
9167,72,23,976,4,1,2,412,7,can\'t loose
10560,23,4,20,1,5,5,155,11,promising
2631,29,16,1149,2,2,2,222,6,at risk
8312,80,5,43,5,5,5,555,15,champions
5534,30,8,224,2,4,3,243,9,need attention
5093,15,6,101,1,5,4,154,10,loyal customers
7592,86,9,209,5,4,3,543,12,new customers
8895,68,20,968,4,2,2,422,8,about to sleep
8584,54,16,1165,3,2,2,322,7,can\'t loose
2694,44,4,24,3,5,5,355,13,potential loyalists
8910,7,11,252,1,3,3,133,7,can\'t loose
7433,87,8,165,5,4,4,544,13,potential loyalists
164,59,11,269,4,3,3,433,10,loyal customers
10477,16,6,102,1,5,4,154,10,loyal customers
2681,1,18,461,1,2,3,123,6,at risk
5150,64,5,47,4,5,5,455,14,potential loyalists
5283,72,7,144,4,4,4,444,12,new customers
9645,98,23,1338,5,1,1,511,7,can\'t loose
10678,91,23,917,5,1,2,512,8,about to sleep
7261,8,12,318,1,3,3,133,7,can\'t loose
9648,20,10,253,1,3,3,133,7,can\'t loose
2870,6,15,502,1,3,3,133,7,can\'t loose
8008,54,6,119,3,5,4,354,12,new customers
1513,72,16,1250,4,2,1,421,7,can\'t loose
6173,46,23,969,3,1,2,312,6,at risk
1419,11,6,76,1,5,4,154,10,loyal customers
9150,21,5,62,1,5,5,155,11,promising
7960,89,25,1382,5,1,1,511,7,can\'t loose
1250,82,6,84,5,5,4,554,14,potential loyalists
9905,69,9,255,4,4,3,443,11,promising
10691,55,4,43,3,5,5,355,13,potential loyalists
7002,13,13,398,1,3,3,133,7,can\'t loose
2952,80,6,76,5,5,4,554,14,potential loyalists
8439,97,13,902,5,3,2,532,10,loyal customers
762,27,20,823,2,2,2,222,6,at risk
2831,99,24,1179,5,1,1,511,7,can\'t loose
6977,87,28,1921,5,1,1,511,7,can\'t loose
6289,85,8,185,5,4,4,544,13,potential loyalists
4168,30,14,433,2,3,3,233,8,about to sleep
8397,82,4,34,5,5,5,555,15,champions
9284,21,22,907,1,1,2,112,4,hibernating
6237,92,25,416,5,1,3,513,9,need attention
3130,95,6,44,5,5,5,555,15,champions
1619,2,16,1588,1,2,1,121,4,hibernating
1990,74,16,1797,4,2,1,421,7,can\'t loose
5513,49,4,40,3,5,5,355,13,potential loyalists
269,71,15,1143,4,3,2,432,9,need attention
8093,72,13,914,4,3,2,432,9,need attention
10513,68,11,1502,4,3,1,431,8,about to sleep
10177,4,17,1338,1,2,1,121,4,hibernating
2549,80,4,27,5,5,5,555,15,champions
5782,15,20,763,1,2,2,122,5,hibernating
10057,70,21,1331,4,1,1,411,6,at risk
10307,91,16,525,5,2,3,523,10,loyal customers
8566,10,3,9,1,5,5,155,11,promising
2415,99,13,953,5,3,2,532,10,loyal customers
5684,25,5,68,2,5,5,255,12,new customers
8334,34,7,131,2,4,4,244,10,loyal customers
9166,57,20,882,3,2,2,322,7,can\'t loose
1440,84,23,1149,5,1,2,512,8,about to sleep
78,51,4,37,3,5,5,355,13,potential loyalists
5441,97,13,388,5,3,3,533,11,promising
5302,13,15,1428,1,3,1,131,5,hibernating
4687,92,23,1633,5,1,1,511,7,can\'t loose
1087,30,7,173,2,4,4,244,10,loyal customers
6859,30,7,99,2,4,4,244,10,loyal customers
9860,11,9,215,1,4,3,143,8,about to sleep
7129,72,23,929,4,1,2,412,7,can\'t loose
5866,39,9,219,2,4,3,243,9,need attention
10521,0,8,174,1,4,4,144,9,need attention
7393,15,6,92,1,5,4,154,10,loyal customers
7849,12,24,1052,1,1,2,112,4,hibernating
332,56,11,275,3,3,3,333,9,need attention
9847,39,14,587,2,3,3,233,8,about to sleep
531,55,22,1662,3,1,1,311,5,hibernating
9576,60,8,159,4,4,4,444,12,new customers
6906,73,17,1024,4,2,2,422,8,about to sleep
7419,90,5,35,5,5,5,555,15,champions
3170,86,14,1042,5,3,2,532,10,loyal customers
8527,37,14,395,2,3,3,233,8,about to sleep
7872,7,22,557,1,1,3,113,5,hibernating
9931,29,0,9,2,5,5,255,12,new customers
10595,19,5,69,1,5,5,155,11,promising
4609,14,15,486,1,3,3,133,7,can\'t loose
5010,72,4,34,4,5,5,455,14,potential loyalists
4427,56,27,1365,3,1,1,311,5,hibernating
11148,85,3,13,5,5,5,555,15,champions
1168,62,20,1401,4,2,1,421,7,can\'t loose
9595,1,13,1574,1,3,1,131,5,hibernating
10163,28,19,1323,2,2,1,221,5,hibernating
2886,70,28,1217,4,1,1,411,6,at risk
6710,84,6,103,5,5,4,554,14,potential loyalists
5316,89,6,84,5,5,4,554,14,potential loyalists
9029,73,22,1536,4,1,1,411,6,at risk
521,42,16,581,3,2,3,323,8,about to sleep
1459,16,13,928,1,3,2,132,6,at risk
10241,16,3,14,1,5,5,155,11,promising
1630,56,14,424,3,3,3,333,9,need attention
3254,65,13,960,4,3,2,432,9,need attention
9064,10,19,1555,1,2,1,121,4,hibernating
3678,13,18,656,1,2,2,122,5,hibernating
4227,78,6,55,4,5,5,455,14,potential loyalists
9467,51,4,20,3,5,5,355,13,potential loyalists
8486,27,13,367,2,3,3,233,8,about to sleep
2186,30,21,2257,2,1,1,211,4,hibernating
3286,71,5,42,4,5,5,455,14,potential loyalists
8602,97,24,1049,5,1,2,512,8,about to sleep
3722,83,5,48,5,5,5,555,15,champions
6715,3,19,685,1,2,2,122,5,hibernating
4796,71,4,39,4,5,5,455,14,potential loyalists
9612,3,4,43,1,5,5,155,11,promising
3766,15,18,835,1,2,2,122,5,hibernating
1399,52,19,1515,3,2,1,321,6,at risk
1570,8,24,1039,1,1,2,112,4,hibernating
3426,89,23,1596,5,1,1,511,7,can\'t loose
3074,66,17,1828,4,2,1,421,7,can\'t loose
8341,22,4,34,1,5,5,155,11,promising
5180,56,8,149,3,4,4,344,11,promising
6461,74,22,946,4,1,2,412,7,can\'t loose
7679,48,5,28,3,5,5,355,13,potential loyalists
10702,67,15,450,4,3,3,433,10,loyal customers
7505,24,4,46,1,5,5,155,11,promising
5113,67,15,1702,4,3,1,431,8,about to sleep
10858,38,21,820,2,1,2,212,5,hibernating
2961,86,13,382,5,3,3,533,11,promising
2747,90,19,2126,5,2,1,521,8,about to sleep
3010,87,19,2069,5,2,1,521,8,about to sleep
5790,62,5,72,4,5,4,454,13,potential loyalists
6892,23,20,732,1,2,2,122,5,hibernating
1743,99,10,801,5,3,2,532,10,loyal customers
3578,29,10,236,2,3,3,233,8,about to sleep
8462,52,4,80,3,5,4,354,12,new customers
5558,90,14,1685,5,3,1,531,9,need attention
4619,9,27,277,1,1,3,113,5,hibernating
8780,71,16,507,4,2,3,423,9,need attention
10789,13,5,68,1,5,5,155,11,promising
10779,16,4,49,1,5,5,155,11,promising
5896,94,14,397,5,3,3,533,11,promising
2337,77,6,39,4,5,5,455,14,potential loyalists
10951,20,12,306,1,3,3,133,7,can\'t loose
544,51,13,976,3,3,2,332,8,about to sleep
17,81,24,1028,5,1,2,512,8,about to sleep
10680,71,6,70,4,5,4,454,13,potential loyalists
3265,36,4,46,2,5,5,255,12,new customers
5623,95,4,51,5,5,5,555,15,champions
5832,32,21,1263,2,1,1,211,4,hibernating
5544,32,20,1490,2,2,1,221,5,hibernating
6417,85,23,1564,5,1,1,511,7,can\'t loose
5831,93,15,1815,5,3,1,531,9,need attention
7101,24,25,1198,1,1,1,111,3,hibernating
10176,44,16,416,3,2,3,323,8,about to sleep
2326,15,5,85,1,5,4,154,10,loyal customers
4385,82,6,47,5,5,5,555,15,champions
2929,27,7,137,2,4,4,244,10,loyal customers
10686,72,3,21,4,5,5,455,14,potential loyalists
2546,7,5,70,1,5,4,154,10,loyal customers
3283,57,20,909,3,2,2,322,7,can\'t loose
3138,84,22,1676,5,1,1,511,7,can\'t loose
4994,53,25,1735,3,1,1,311,5,hibernating
7966,48,27,1191,3,1,1,311,5,hibernating
3112,2,4,24,1,5,5,155,11,promising
10872,65,17,1182,4,2,1,421,7,can\'t loose
2181,45,13,1280,3,3,1,331,7,can\'t loose
1867,42,18,1336,3,2,1,321,6,at risk
1518,29,19,749,2,2,2,222,6,at risk
5734,83,6,91,5,5,4,554,14,potential loyalists
2878,93,13,414,5,3,3,533,11,promising
1458,40,6,44,3,5,5,355,13,potential loyalists
7007,47,6,63,3,5,5,355,13,potential loyalists
6200,50,21,901,3,1,2,312,6,at risk
1403,40,4,38,3,5,5,355,13,potential loyalists
4827,3,15,455,1,3,3,133,7,can\'t loose
6250,62,21,775,4,1,2,412,7,can\'t loose
9291,25,3,15,2,5,5,255,12,new customers
2478,48,5,38,3,5,5,355,13,potential loyalists
1139,56,21,1512,3,1,1,311,5,hibernating
5138,68,4,43,4,5,5,455,14,potential loyalists
5393,64,4,42,4,5,5,455,14,potential loyalists
10413,67,22,1089,4,1,2,412,7,can\'t loose
5015,94,7,162,5,4,4,544,13,potential loyalists
10868,82,17,1272,5,2,1,521,8,about to sleep
10676,3,18,1173,1,2,2,122,5,hibernating
2495,24,21,816,1,1,2,112,4,hibernating
7842,54,6,74,3,5,4,354,12,new customers
9955,20,7,134,1,4,4,144,9,need attention
6663,96,8,157,5,4,4,544,13,potential loyalists
2162,19,16,561,1,2,3,123,6,at risk
3434,60,18,1336,4,2,1,421,7,can\'t loose
7919,2,22,2092,1,1,1,111,3,hibernating
5626,13,15,463,1,3,3,133,7,can\'t loose
6428,37,16,1130,2,2,2,222,6,at risk
8514,59,4,20,4,5,5,455,14,potential loyalists
10448,55,13,377,3,3,3,333,9,need attention
2109,60,27,1544,4,1,1,411,6,at risk
7530,48,7,138,3,4,4,344,11,promising
8925,38,23,1012,2,1,2,212,5,hibernating
3009,8,14,1766,1,3,1,131,5,hibernating
6355,19,6,45,1,5,5,155,11,promising
3517,32,7,161,2,4,4,244,10,loyal customers
1158,27,7,144,2,4,4,244,10,loyal customers
6203,58,25,1734,3,1,1,311,5,hibernating
7165,59,20,823,4,2,2,422,8,about to sleep
3595,29,26,1138,2,1,2,212,5,hibernating
8537,60,20,1429,4,2,1,421,7,can\'t loose
4331,41,20,1371,3,2,1,321,6,at risk
6281,27,14,982,2,3,2,232,7,can\'t loose
4338,28,4,44,2,5,5,255,12,new customers
2452,8,12,318,1,3,3,133,7,can\'t loose
9507,18,14,434,1,3,3,133,7,can\'t loose
8360,76,9,198,4,4,3,443,11,promising
10311,0,25,359,1,1,3,113,5,hibernating
5117,32,16,576,2,2,3,223,7,can\'t loose
4867,2,7,88,1,4,4,144,9,need attention
9289,16,5,63,1,5,5,155,11,promising
10913,56,3,27,3,5,5,355,13,potential loyalists
3032,97,8,193,5,4,4,544,13,potential loyalists
8524,15,6,101,1,5,4,154,10,loyal customers
3334,35,21,2211,2,1,1,211,4,hibernating
4470,3,7,140,1,4,4,144,9,need attention
1406,49,14,415,3,3,3,333,9,need attention
8619,4,3,22,1,5,5,155,11,promising
10821,45,10,263,3,3,3,333,9,need attention
4552,37,11,393,2,3,3,233,8,about to sleep
898,39,7,147,2,4,4,244,10,loyal customers
9797,38,14,443,2,3,3,233,8,about to sleep
10949,8,18,1958,1,2,1,121,4,hibernating
8212,89,8,174,5,4,4,544,13,potential loyalists
6248,47,27,2217,3,1,1,311,5,hibernating
10164,75,15,1691,4,3,1,431,8,about to sleep
4547,86,4,25,5,5,5,555,15,champions
6815,4,21,809,1,1,2,112,4,hibernating
4122,73,15,895,4,3,2,432,9,need attention
10841,46,15,484,3,3,3,333,9,need attention
5370,38,14,413,2,3,3,233,8,about to sleep
176,73,11,331,4,3,3,433,10,loyal customers
4860,66,4,25,4,5,5,455,14,potential loyalists
10757,36,3,13,2,5,5,255,12,new customers
4023,29,7,115,2,4,4,244,10,loyal customers
6679,29,3,16,2,5,5,255,12,new customers
9923,6,6,92,1,5,4,154,10,loyal customers
7181,97,5,52,5,5,5,555,15,champions
3599,61,20,1464,4,2,1,421,7,can\'t loose
405,68,13,441,4,3,3,433,10,loyal customers
6870,73,11,283,4,3,3,433,10,loyal customers
832,90,20,747,5,2,2,522,9,need attention
2002,81,16,1870,5,2,1,521,8,about to sleep
3657,1,8,165,1,4,4,144,9,need attention
500,79,23,1941,4,1,1,411,6,at risk
1951,92,21,839,5,1,2,512,8,about to sleep
3262,31,24,1655,2,1,1,211,4,hibernating
4102,46,3,23,3,5,5,355,13,potential loyalists
7042,14,5,66,1,5,5,155,11,promising
10598,89,5,37,5,5,5,555,15,champions
255,31,4,21,2,5,5,255,12,new customers
2375,75,3,22,4,5,5,455,14,potential loyalists
9829,42,6,78,3,5,4,354,12,new customers
6214,53,5,79,3,5,4,354,12,new customers
4954,53,11,265,3,3,3,333,9,need attention
7861,23,17,1175,1,2,1,121,4,hibernating
4837,57,26,1305,3,1,1,311,5,hibernating
9423,49,6,46,3,5,5,355,13,potential loyalists
4198,6,3,25,1,5,5,155,11,promising
153,29,4,46,2,5,5,255,12,new customers
9323,5,22,874,1,1,2,112,4,hibernating
10001,98,6,100,5,5,4,554,14,potential loyalists
3945,80,23,930,5,1,2,512,8,about to sleep
3799,4,20,868,1,2,2,122,5,hibernating
8625,70,6,45,4,5,5,455,14,potential loyalists
3491,32,25,1260,2,1,1,211,4,hibernating
983,82,11,414,5,3,3,533,11,promising
9119,27,13,392,2,3,3,233,8,about to sleep
4786,94,25,1109,5,1,2,512,8,about to sleep
5872,23,18,639,1,2,2,122,5,hibernating
6568,97,5,79,5,5,4,554,14,potential loyalists
5628,25,23,1665,2,1,1,211,4,hibernating
5631,92,17,692,5,2,2,522,9,need attention
4974,98,19,1392,5,2,1,521,8,about to sleep
8416,19,5,44,1,5,5,155,11,promising
5454,80,5,50,5,5,5,555,15,champions
4095,80,13,467,5,3,3,533,11,promising
5474,79,9,223,4,4,3,443,11,promising
4268,50,8,158,3,4,4,344,11,promising
10701,60,27,1211,4,1,1,411,6,at risk
3507,44,12,1575,3,3,1,331,7,can\'t loose
2079,0,21,1208,1,1,1,111,3,hibernating
626,28,4,43,2,5,5,255,12,new customers
4426,35,15,527,2,3,3,233,8,about to sleep
2591,49,13,932,3,3,2,332,8,about to sleep
10509,46,6,71,3,5,4,354,12,new customers
6382,97,4,54,5,5,5,555,15,champions
6673,51,6,129,3,5,4,354,12,new customers
7441,80,24,1615,5,1,1,511,7,can\'t loose
1071,10,23,1034,1,1,2,112,4,hibernating
10061,29,23,1088,2,1,2,212,5,hibernating
8775,74,7,137,4,4,4,444,12,new customers
2345,54,16,1244,3,2,1,321,6,at risk
322,93,5,41,5,5,5,555,15,champions
10897,63,27,1174,4,1,2,412,7,can\'t loose
123,92,13,993,5,3,2,532,10,loyal customers
6103,40,6,100,3,5,4,354,12,new customers
7899,70,15,1680,4,3,1,431,8,about to sleep
10500,96,7,98,5,4,4,544,13,potential loyalists
1655,81,4,48,5,5,5,555,15,champions
2406,63,16,519,4,2,3,423,9,need attention
2712,85,19,715,5,2,2,522,9,need attention
5517,51,4,37,3,5,5,355,13,potential loyalists
10643,23,18,653,1,2,2,122,5,hibernating
2254,95,20,1455,5,2,1,521,8,about to sleep
10281,11,17,602,1,2,3,123,6,at risk
6958,42,4,26,3,5,5,355,13,potential loyalists
954,77,6,102,4,5,4,454,13,potential loyalists
4643,40,7,176,3,4,4,344,11,promising
6497,32,13,433,2,3,3,233,8,about to sleep
5396,48,29,1366,3,1,1,311,5,hibernating
1052,24,24,1001,1,1,2,112,4,hibernating
2802,61,17,961,4,2,2,422,8,about to sleep
6343,6,22,1518,1,1,1,111,3,hibernating
6507,16,6,56,1,5,5,155,11,promising
7901,39,3,22,2,5,5,255,12,new customers
4865,2,14,400,1,3,3,133,7,can\'t loose
2686,49,3,26,3,5,5,355,13,potential loyalists
3107,31,12,350,2,3,3,233,8,about to sleep
7734,58,21,1216,3,1,1,311,5,hibernating
1146,5,22,874,1,1,2,112,4,hibernating
11031,90,4,40,5,5,5,555,15,champions
7428,47,18,1367,3,2,1,321,6,at risk
975,25,10,264,2,3,3,233,8,about to sleep
1103,60,18,2053,4,2,1,421,7,can\'t loose
3422,67,9,1376,4,4,1,441,9,need attention
1055,40,4,45,3,5,5,355,13,potential loyalists
6544,63,24,976,4,1,2,412,7,can\'t loose
1241,1,4,51,1,5,5,155,11,promising
2909,89,18,1264,5,2,1,521,8,about to sleep
5802,40,6,75,3,5,4,354,12,new customers
1407,5,5,57,1,5,5,155,11,promising
6183,3,7,140,1,4,4,144,9,need attention
340,1,17,497,1,2,3,123,6,at risk
5991,24,10,266,1,3,3,133,7,can\'t loose
3104,89,20,2006,5,2,1,521,8,about to sleep
9729,48,17,615,3,2,3,323,8,about to sleep
1008,31,23,1021,2,1,2,212,5,hibernating
11091,68,4,22,4,5,5,455,14,potential loyalists
3969,46,6,133,3,5,4,354,12,new customers
1916,92,14,437,5,3,3,533,11,promising
9907,80,24,1013,5,1,2,512,8,about to sleep
87,16,5,57,1,5,5,155,11,promising
8659,50,25,1038,3,1,2,312,6,at risk
6262,93,21,1573,5,1,1,511,7,can\'t loose
6147,51,3,28,3,5,5,355,13,potential loyalists
8832,24,7,123,1,4,4,144,9,need attention
10067,79,3,13,4,5,5,455,14,potential loyalists
7532,26,7,132,2,4,4,244,10,loyal customers
4915,86,19,732,5,2,2,522,9,need attention
2115,68,5,66,4,5,5,455,14,potential loyalists
2088,98,23,1631,5,1,1,511,7,can\'t loose
2493,34,16,608,2,2,3,223,7,can\'t loose
6292,60,17,1822,4,2,1,421,7,can\'t loose
1631,3,19,1282,1,2,1,121,4,hibernating
10104,65,3,8,4,5,5,455,14,potential loyalists
3006,83,4,43,5,5,5,555,15,champions
3919,64,19,1931,4,2,1,421,7,can\'t loose
11181,85,0,8,5,5,5,555,15,champions
642,69,5,103,4,5,4,454,13,potential loyalists
4369,48,14,1169,3,3,2,332,8,about to sleep
10127,21,14,395,1,3,3,133,7,can\'t loose
271,30,10,258,2,3,3,233,8,about to sleep
4973,39,4,25,2,5,5,255,12,new customers
2948,76,9,185,4,4,4,444,12,new customers
2715,11,7,180,1,4,4,144,9,need attention
10432,26,4,22,2,5,5,255,12,new customers
9216,34,5,44,2,5,5,255,12,new customers
7124,72,7,94,4,4,4,444,12,new customers
9727,13,6,81,1,5,4,154,10,loyal customers
5136,58,21,798,3,1,2,312,6,at risk
9790,12,18,1334,1,2,1,121,4,hibernating
1818,23,4,38,1,5,5,155,11,promising
1100,33,7,61,2,4,5,245,11,promising
7873,30,12,300,2,3,3,233,8,about to sleep
10609,15,6,88,1,5,4,154,10,loyal customers
6950,25,5,54,2,5,5,255,12,new customers
7233,4,14,1782,1,3,1,131,5,hibernating
9481,80,7,68,5,4,5,545,14,potential loyalists
7699,30,10,258,2,3,3,233,8,about to sleep
2711,6,4,31,1,5,5,155,11,promising
8933,16,6,66,1,5,5,155,11,promising
8726,57,8,174,3,4,4,344,11,promising
1515,9,4,28,1,5,5,155,11,promising
5186,59,20,731,4,2,2,422,8,about to sleep
10157,78,11,274,4,3,3,433,10,loyal customers
5667,90,23,1701,5,1,1,511,7,can\'t loose
902,74,12,312,4,3,3,433,10,loyal customers
977,10,14,414,1,3,3,133,7,can\'t loose
7313,63,22,1565,4,1,1,411,6,at risk
7600,13,4,29,1,5,5,155,11,promising
9706,98,6,94,5,5,4,554,14,potential loyalists
2429,4,17,1338,1,2,1,121,4,hibernating
3520,94,14,1092,5,3,2,532,10,loyal customers
10394,91,17,1479,5,2,1,521,8,about to sleep
4548,66,4,54,4,5,5,455,14,potential loyalists
9362,14,17,568,1,2,3,123,6,at risk
3968,77,26,1199,4,1,1,411,6,at risk
4084,41,21,873,3,1,2,312,6,at risk
6721,21,14,1213,1,3,1,131,5,hibernating
2829,25,20,731,2,2,2,222,6,at risk
1772,2,18,2043,1,2,1,121,4,hibernating
1544,51,16,1893,3,2,1,321,6,at risk
492,3,14,424,1,3,3,133,7,can\'t loose
4377,32,13,575,2,3,3,233,8,about to sleep
4541,84,10,257,5,3,3,533,11,promising
1321,49,6,56,3,5,5,355,13,potential loyalists
8858,69,17,542,4,2,3,423,9,need attention
3266,96,6,125,5,5,4,554,14,potential loyalists
11187,23,6,69,1,5,5,155,11,promising
8207,18,4,40,1,5,5,155,11,promising
9723,8,24,1016,1,1,2,112,4,hibernating
2666,21,22,907,1,1,2,112,4,hibernating
5721,60,23,1566,4,1,1,411,6,at risk
10652,48,14,1169,3,3,2,332,8,about to sleep
1646,36,5,46,2,5,5,255,12,new customers
4418,36,24,1644,2,1,1,211,4,hibernating
2656,63,4,59,4,5,5,455,14,potential loyalists
7990,2,3,17,1,5,5,155,11,promising
8722,38,24,1853,2,1,1,211,4,hibernating
7118,61,20,1528,4,2,1,421,7,can\'t loose
2980,52,6,35,3,5,5,355,13,potential loyalists
1839,25,7,141,2,4,4,244,10,loyal customers
10722,63,15,546,4,3,3,433,10,loyal customers
2632,10,13,500,1,3,3,133,7,can\'t loose
9014,65,6,61,4,5,5,455,14,potential loyalists
7620,71,6,106,4,5,4,454,13,potential loyalists
10968,0,22,704,1,1,2,112,4,hibernating
11133,3,14,424,1,3,3,133,7,can\'t loose
2736,88,21,849,5,1,2,512,8,about to sleep
1876,15,5,85,1,5,4,154,10,loyal customers
5959,80,9,199,5,4,3,543,12,new customers
1092,17,16,1147,1,2,2,122,5,hibernating
4333,76,6,54,4,5,5,455,14,potential loyalists
3850,52,4,43,3,5,5,355,13,potential loyalists
6168,28,4,53,2,5,5,255,12,new customers
607,31,16,521,2,2,3,223,7,can\'t loose
10469,42,17,1623,3,2,1,321,6,at risk
6983,24,5,45,1,5,5,155,11,promising
3661,42,18,1435,3,2,1,321,6,at risk
9303,12,1,32,1,5,5,155,11,promising
692,88,3,16,5,5,5,555,15,champions
736,67,5,52,4,5,5,455,14,potential loyalists
9589,54,17,1234,3,2,1,321,6,at risk
4838,40,3,15,3,5,5,355,13,potential loyalists
9246,73,13,415,4,3,3,433,10,loyal customers
6261,81,15,470,5,3,3,533,11,promising
7366,12,20,1438,1,2,1,121,4,hibernating
10659,7,7,53,1,4,5,145,10,loyal customers
1448,33,6,51,2,5,5,255,12,new customers
4286,24,19,679,1,2,2,122,5,hibernating
4749,55,16,586,3,2,3,323,8,about to sleep
4478,87,18,653,5,2,2,522,9,need attention
4201,39,14,468,2,3,3,233,8,about to sleep
10084,9,5,50,1,5,5,155,11,promising
7004,82,6,84,5,5,4,554,14,potential loyalists
9817,71,25,1049,4,1,2,412,7,can\'t loose
8080,50,3,22,3,5,5,355,13,potential loyalists
9432,23,7,62,1,4,5,145,10,loyal customers
8372,81,3,30,5,5,5,555,15,champions
10870,46,16,1341,3,2,1,321,6,at risk
4001,56,15,444,3,3,3,333,9,need attention
7270,91,18,1241,5,2,1,521,8,about to sleep
8235,8,21,843,1,1,2,112,4,hibernating
9405,40,8,172,3,4,4,344,11,promising
